date,lstm,stacked_lstm,bilstm,transformer,observed_log1p_cms
2015-01-01,5.3041563,5.3025613,5.316837,5.305054,5.244864891768988
2015-01-02,5.232675,5.2325525,5.245677,5.230081,5.178485726692661
2015-01-03,5.1760135,5.176921,5.1875615,5.16241,5.126060371857187
2015-01-04,5.133506,5.1349053,5.1428127,5.1106353,5.462757746429771
2015-01-05,5.7335505,5.8245277,5.7336874,5.5613365,5.629436359385171
2015-01-06,5.696919,5.699133,5.6814027,5.757675,5.576189622854284
2015-01-07,5.5594125,5.541925,5.5516167,5.583896,5.540160762667549
2015-01-08,5.564771,5.5640755,5.5620713,5.5286593,5.352384069614894
2015-01-09,5.2566423,5.242361,5.2584596,5.3150444,5.265559420149254
2015-01-10,5.265229,5.257294,5.2678113,5.2346296,5.173685959129896
2015-01-11,5.147135,5.145101,5.155247,5.157942,5.0900995303299075
2015-01-12,5.076026,5.0709534,5.08341,5.07991,5.298654467431948
2015-01-13,5.482997,5.5481315,5.4888034,5.3615623,5.580469849095376
2015-01-14,5.758533,5.7952895,5.755803,5.7609367,5.523344816113143
2015-01-15,5.477885,5.4638815,5.472085,5.552073,5.428546806480358
2015-01-16,5.423248,5.409095,5.432001,5.404641,5.341595481462987
2015-01-17,5.3272758,5.3216763,5.334365,5.318864,5.262629150222167
2015-01-18,5.248257,5.2436137,5.2572513,5.2475348,5.195890362785274
2015-01-19,5.1921964,5.1898417,5.202867,5.1879177,5.1377655752009375
2015-01-20,5.1386375,5.137271,5.148904,5.1349454,5.091841595549253
2015-01-21,5.101776,5.1005964,5.109688,5.091115,5.072509900882612
2015-01-22,5.0999885,5.102175,5.1037374,5.0748873,5.0345328142999115
2015-01-23,5.0481153,5.044889,5.0496664,5.037153,5.01967732744683
2015-01-24,5.052963,5.053196,5.0567036,5.0274715,5.564323651241661
2015-01-25,5.9638667,6.062429,5.963396,5.821757,5.698189828980158
2015-01-26,5.69785,5.687684,5.682124,5.828104,5.688652608480294
2015-01-27,5.7093687,5.69805,5.7196717,5.710388,5.788870084026495
2015-01-28,5.8858166,5.91621,5.8927445,5.8584924,5.855923173199795
2015-01-29,5.8830934,5.8985124,5.8864484,5.942144,5.771379957675647
2015-01-30,5.7213187,5.711571,5.7299767,5.766061,5.669300876297688
2015-01-31,5.641592,5.632915,5.6498284,5.6385994,5.525603347769479
2015-02-01,5.467007,5.453698,5.473283,5.489621,5.429788994109022
2015-02-02,5.410138,5.4035997,5.4147563,5.4031878,5.395696137559714
2015-02-03,5.4106703,5.4164896,5.4152665,5.3936324,5.404647243795548
2015-02-04,5.442521,5.4547896,5.447747,5.424006,5.345654854108017
2015-02-05,5.337616,5.3339744,5.3435607,5.349327,5.3028915735910385
2015-02-06,5.3193297,5.319364,5.3277106,5.297583,5.336157223496527
2015-02-07,5.397516,5.412211,5.4038625,5.3544536,5.334793025367862
2015-02-08,5.362314,5.3658805,5.366808,5.361474,5.322430764901346
2015-02-09,5.3538876,5.3563347,5.3583612,5.34595,5.2943993317843105
2015-02-10,5.3145585,5.3143306,5.315906,5.3126535,5.264095358495557
2015-02-11,5.284189,5.282847,5.284666,5.278189,5.237368958425673
2015-02-12,5.2594895,5.2579937,5.261547,5.2514887,5.264095358495557
2015-02-13,5.3210077,5.329308,5.3232956,5.294235,5.372304214623219
2015-02-14,5.4753995,5.498587,5.477076,5.441024,5.408459040095297
2015-02-15,5.4523344,5.4571576,5.4532566,5.4679956,5.103951810915543
2015-02-16,4.9457726,4.9266415,4.9527555,5.072687,4.933776156669656
2015-02-17,4.891968,4.851428,4.897367,4.8981695,4.803307141996804
2015-02-18,4.7500024,4.71677,4.757276,4.7879276,4.971778338146906
2015-02-19,5.1141334,5.1374907,5.1209254,5.0035276,4.943917584127093
2015-02-20,4.93664,4.9227185,4.9404564,4.970943,4.828536017179979
2015-02-21,4.8078446,4.782961,4.8110137,4.828686,4.7260731853888185
2015-02-22,4.7057166,4.6786757,4.7085066,4.7197843,4.853144027814281
2015-02-23,4.9694576,4.9798193,4.973109,4.8717165,4.857553872308194
2015-02-24,4.8794117,4.8673377,4.877022,4.8794312,5.040047215186503
2015-02-25,5.2013454,5.228498,5.2049456,5.0949965,4.983485070150286
2015-02-26,4.9651,4.9525285,4.9578443,5.0086823,5.1090973421443175
2015-02-27,5.243967,5.265681,5.251206,5.154888,5.098779666195568
2015-02-28,5.107155,5.0998116,5.102479,5.1368065,5.038212458219839
2015-03-01,5.0447335,5.032648,5.0496845,5.0512924,4.945933585945279
2015-03-02,4.92869,4.9102063,4.9306827,4.9473176,4.987357055939646
2015-03-03,5.053858,5.052794,5.0563097,5.011673,4.9912141072625085
2015-03-04,5.018383,5.0101075,5.0174236,5.0256867,4.993137068414355
2015-03-05,5.032616,5.025699,5.035276,5.024657,5.679023552850889
2015-03-06,6.143317,6.2106767,6.1393623,6.116703,6.111994608039373
2015-03-07,6.245783,6.221694,6.218319,6.382574,6.711969749735353
2015-03-08,6.9852104,6.9733315,7.0147085,6.8232546,6.794564931871724
2015-03-09,6.6165667,6.603469,6.6283326,6.671844,6.725652046119539
2015-03-10,6.610206,6.6078124,6.6315107,6.6007333,6.944469570285895
2015-03-11,7.040107,7.093895,7.05322,6.927095,7.202823899936208
2015-03-12,7.1771207,7.1481843,7.17462,7.197321,7.256185962928021
2015-03-13,7.1149254,7.080591,7.1058245,7.1253514,7.2837819057923445
2015-03-14,7.201204,7.201043,7.2047067,7.133561,7.172865725569717
2015-03-15,7.007073,6.9886975,7.011205,7.031516,7.1509038658438495
2015-03-16,7.0931406,7.0978656,7.0986896,7.039983,6.989828438790567
2015-03-17,6.83133,6.809924,6.8415656,6.8937764,6.88543932750358
2015-03-18,6.819682,6.807438,6.8320274,6.8013296,6.705057753146942
2015-03-19,6.585905,6.565422,6.596118,6.632056,6.518811882950348
2015-03-20,6.43077,6.397439,6.4409523,6.447206,6.335949678818084
2015-03-21,6.2636185,6.2298675,6.2685556,6.2778993,6.257725013997713
2015-03-22,6.2610173,6.2410893,6.2617745,6.2400274,6.219014744237832
2015-03-23,6.2312827,6.218709,6.2269664,6.245786,6.320786627181814
2015-03-24,6.422359,6.440981,6.4248195,6.439299,6.335949678818084
2015-03-25,6.3422003,6.3364964,6.341303,6.441684,6.224637375342404
2015-03-26,6.179399,6.1554193,6.19218,6.239165,6.111994608039373
2015-03-27,6.09369,6.0700192,6.098591,6.105503,6.172857980421892
2015-03-28,6.256822,6.2773647,6.261532,6.2435617,6.099364441674679
2015-03-29,6.050954,6.046761,6.054471,6.145243,5.956120007371824
2015-03-30,5.912364,5.8824153,5.925641,5.9419203,5.879952558373766
2015-03-31,5.8851724,5.8719063,5.890448,5.8754363,5.822958537953851
2015-04-01,5.819347,5.815377,5.825213,5.8355827,5.744557468110323
2015-04-02,5.731569,5.7204165,5.735783,5.7464595,5.679023552850889
2015-04-03,5.679843,5.670921,5.6780944,5.6704473,5.605773469877712
2015-04-04,5.597096,5.5893884,5.591978,5.588039,5.5556045489848405
2015-04-05,5.565218,5.5587335,5.558406,5.536366,5.5039385114692
2015-04-06,5.507445,5.5034585,5.501262,5.4813604,5.459147770901415
2015-04-07,5.469503,5.4649663,5.462512,5.4332128,5.444576120857822
2015-04-08,5.4722824,5.4731736,5.461413,5.422771,5.618189158929467
2015-04-09,5.7573404,5.7926283,5.744671,5.6443286,5.613034675552305
2015-04-10,5.6042356,5.6167474,5.5872693,5.627142,5.594255397443351
2015-04-11,5.6230097,5.6223884,5.6196957,5.593933,5.638545443999444
2015-04-12,5.690684,5.7080646,5.6788816,5.6623106,6.0337038844888955
2015-04-13,6.275511,6.338606,6.266444,6.343889,6.184598432606731
2015-04-14,6.1875134,6.1952434,6.1652045,6.3169756,6.0604876463962025
2015-04-15,5.971289,5.964235,5.977394,6.032177,5.956120007371824
2015-04-16,5.924113,5.917031,5.9206944,5.9063334,5.941343576682193
2015-04-17,5.9422026,5.9559207,5.936791,5.948395,6.310548668370346
2015-04-18,6.515009,6.5832653,6.5146,6.6411242,6.370460825736252
2015-04-19,6.299348,6.2928395,6.2759,6.440382,6.219014744237832
2015-04-20,6.116171,6.0969973,6.1197944,6.155043,6.370460825736252
2015-04-21,6.470574,6.51851,6.47052,6.428741,6.936247037659013
2015-04-22,7.1397395,7.174714,7.141405,7.19256,7.418199177666138
2015-04-23,7.4264755,7.3422403,7.40747,7.334429,7.177200806291721
2015-04-24,6.8546815,6.842765,6.8121996,6.9616346,6.859033460242863
2015-04-25,6.6712584,6.6373925,6.6534925,6.66495,6.614367714950097
2015-04-26,6.4727926,6.466279,6.4676228,6.4691095,6.449625956681352
2015-04-27,6.341733,6.3410234,6.3396316,6.350859,6.263134726825315
2015-04-28,6.148785,6.1388564,6.1505423,6.189251,6.172857980421892
2015-04-29,6.129061,6.1297817,6.1378517,6.1307015,6.092989029970153
2015-04-30,6.0466285,6.0491433,6.049692,6.072666,5.98503354317975
2015-05-01,5.9336853,5.924914,5.935284,5.958748,5.918761292678645
2015-05-02,5.9013615,5.899267,5.904216,5.906961,5.863997295331724
2015-05-03,5.848428,5.8506174,5.846414,5.8725023,5.903418055581555
2015-05-04,5.942362,5.9603157,5.942507,5.9685764,5.9991827391026495
2015-05-05,6.0500207,6.0791597,6.04628,6.1307583,5.956120007371824
2015-05-06,5.921949,5.9298654,5.915606,5.998406,5.822958537953851
2015-05-07,5.763245,5.7588015,5.762526,5.791836,5.771379957675647
2015-05-08,5.76378,5.7702723,5.7623754,5.754153,5.956120007371824
2015-05-09,6.056204,6.1083727,6.0551815,6.0860605,5.956120007371824
2015-05-10,5.921653,5.93511,5.9079866,6.048126,5.780163258428669
2015-05-11,5.688511,5.6833515,5.687546,5.7470064,5.615099658239511
2015-05-12,5.547656,5.5383167,5.547163,5.5657997,5.488840054022952
2015-05-13,5.4365625,5.432732,5.435474,5.450863,5.381466205027394
2015-05-14,5.338816,5.3358407,5.3382816,5.352377,5.284399697964646
2015-05-15,5.24927,5.2474785,5.2482524,5.2603855,5.168863042644372
2015-05-16,5.1260796,5.1229186,5.1245565,5.14304,5.189596397160559
2015-05-17,5.2181063,5.2294436,5.2172704,5.1785235,5.291552482289821
2015-05-18,5.349649,5.3744855,5.343099,5.2993774,5.176888362557042
2015-05-19,5.1286235,5.136675,5.119703,5.146142,5.429788994109022
2015-05-20,5.566121,5.610024,5.557724,5.469069,5.486496847013958
2015-05-21,5.493064,5.5060534,5.4703183,5.5521293,5.393123892977382
2015-05-22,5.3465557,5.3574224,5.3513246,5.3887973,5.370988479435778
2015-05-23,5.36286,5.3775167,5.3636827,5.3664804,5.325191171263212
2015-05-24,5.2980685,5.3087163,5.2952585,5.327661,5.192748331715154
2015-05-25,5.129618,5.1327205,5.1326485,5.1716294,5.077819352168987
2015-05-26,5.028111,5.0281973,5.0320334,5.050438,4.971778338146906
2015-05-27,4.9260516,4.9247103,4.928699,4.949722,4.921469103398725
2015-05-28,4.902288,4.903114,4.903011,4.9122314,4.883612198171094
2015-05-29,4.8708158,4.8731847,4.870165,4.882299,4.848714650423074
2015-05-30,4.8389273,4.842485,4.837614,4.8487597,4.763020337414219
2015-05-31,4.732687,4.7342634,4.7332983,4.753307,4.705795273984868
2015-06-01,4.68696,4.6891317,4.6867113,4.6954107,4.708352614327602
2015-06-02,4.713216,4.7178774,4.708851,4.7127147,5.319662717599233
2015-06-03,5.55404,5.591741,5.527725,5.57636,5.532348497292913
2015-06-04,5.580372,5.5643573,5.55046,5.6573167,5.450673466744998
2015-06-05,5.3847313,5.402923,5.3925815,5.43083,5.416039318306481
2015-06-06,5.3729744,5.3960495,5.377312,5.383825,5.334793025367862
2015-06-07,5.2714214,5.2843165,5.272833,5.3071756,5.173685959129896
2015-06-08,5.082848,5.0891237,5.091227,5.1253157,5.126060371857187
2015-06-09,5.0880065,5.0953937,5.0904346,5.0940485,5.214538009954396
2015-06-10,5.2320967,5.2463713,5.223862,5.2437544,5.170473267358792
2015-06-11,5.1328845,5.1370974,5.1284094,5.1851635,5.112513045754359
2015-06-12,5.074518,5.081792,5.074373,5.0986924,4.923530826035169
2015-06-13,4.8349643,4.836176,4.841224,4.8822227,4.7963146194037565
2015-06-14,4.7343674,4.731866,4.738354,4.754598,4.777425260524791
2015-06-15,4.7601213,4.7609496,4.7560477,4.7640243,4.755739307939539
2015-06-16,4.7404065,4.742121,4.734312,4.7614775,4.690312350981225
2015-06-17,4.661178,4.66299,4.65667,4.6864114,4.817147188762496
2015-06-18,4.8589854,4.8737082,4.845229,4.850721,4.898505093388176
2015-06-19,4.921316,4.931843,4.90621,4.9508824,4.9912141072625085
2015-06-20,5.013692,5.030812,5.0013967,5.0432487,5.267021341459638
2015-06-21,5.342515,5.3682923,5.326197,5.389394,5.726267589730774
2015-06-22,5.830169,5.8421793,5.816074,5.888776,5.788870084026495
2015-06-23,5.724942,5.722155,5.7159753,5.7407107,5.762518826437152
2015-06-24,5.669557,5.688978,5.679,5.6731014,5.879952558373766
2015-06-25,5.8401074,5.865933,5.8427687,5.835083,5.6068140186265385
2015-06-26,5.4272056,5.4294987,5.4299564,5.499531,5.422312616923512
2015-06-27,5.299634,5.298309,5.3090215,5.299272,5.863997295331724
2015-06-28,5.9824357,6.0436325,5.9743423,5.916184,6.614367714950097
2015-06-29,6.731452,6.688469,6.7263427,6.726537,7.132980357906962
2015-06-30,7.0564475,6.968972,7.053146,6.9414086,7.04809442138461
2015-07-01,6.774881,6.715695,6.740307,6.7649946,6.6105633046974255
2015-07-02,6.300671,6.2976637,6.2830715,6.363601,6.279190460966714
2015-07-03,6.0609503,6.056562,6.046423,6.0768547,5.98503354317975
2015-07-04,5.8004847,5.793773,5.7910485,5.81706,5.806059556794318
2015-07-05,5.678632,5.6759024,5.677949,5.677963,5.744557468110323
2015-07-06,5.6739097,5.6849546,5.6760383,5.66546,5.556698603332211
2015-07-07,5.439665,5.4304442,5.433788,5.4856696,5.495836910361372
2015-07-08,5.4492965,5.4497433,5.445098,5.443634,5.492344601679506
2015-07-09,5.4655786,5.479907,5.459394,5.479118,5.716995656598056
2015-07-10,5.777281,5.8203454,5.7691236,5.796436,5.561062890314656
2015-07-11,5.445648,5.4509654,5.4305706,5.5439625,5.5131178199382385
2015-07-12,5.4691806,5.4739976,5.4616284,5.4637094,5.377549911813787
2015-07-13,5.2890835,5.296485,5.285854,5.3375454,5.282962981063334
2015-07-14,5.2206035,5.223765,5.215311,5.2430034,5.307110802403108
2015-07-15,5.2932324,5.3113475,5.291372,5.306991,5.839576682824144
2015-07-16,6.001937,6.071981,6.005815,6.085728,5.602645311365089
2015-07-17,5.4197903,5.4390926,5.4068274,5.552548,5.451888487267927
2015-07-18,5.3560286,5.3456187,5.3550096,5.3574247,5.322430764901346
2015-07-19,5.2348585,5.2402263,5.2421055,5.2794433,5.223733033613208
2015-07-20,5.150605,5.1551538,5.151834,5.2003903,5.134435188768963
2015-07-21,5.0707355,5.0748334,5.079134,5.1184397,5.010279317903715
2015-07-22,4.9365325,4.937678,4.94801,4.9913163,4.904820485486418
2015-07-23,4.8447375,4.843608,4.857047,4.8879433,4.784550648839568
2015-07-24,4.7202587,4.7183986,4.737415,4.760913,4.690312350981225
2015-07-25,4.6404,4.637175,4.6539936,4.661073,4.603426612908389
2015-07-26,4.557943,4.5558224,4.5675516,4.5686574,4.53898859154019
2015-07-27,4.5047474,4.503528,4.5117574,4.509678,4.495709384892506
2015-07-28,4.4709616,4.4722204,4.481476,4.4830766,4.49254514037945
2015-07-29,4.4837484,4.489198,4.497382,4.4966555,4.476571965663182
2015-07-30,4.4629517,4.4707904,4.477882,4.483384,4.583370442297205
2015-07-31,4.612695,4.63056,4.6188188,4.6194344,4.603426612908389
2015-08-01,4.596854,4.6142244,4.6050005,4.6450944,4.482991884943206
2015-08-02,4.427334,4.4390616,4.441582,4.4902444,4.403090877406364
2015-08-03,4.3606005,4.3667836,4.374535,4.4058933,4.34970339454692
2015-08-04,4.3161755,4.3193336,4.330228,4.363092,4.34236475948822
2015-08-05,4.326901,4.3311105,4.3372865,4.367532,4.323779037937537
2015-08-06,4.3067384,4.3116245,4.3170304,4.350888,4.195876492604451
2015-08-07,4.1443396,4.143971,4.160662,4.2042084,4.120630241904229
2015-08-08,4.086219,4.082612,4.1034617,4.127551,4.068739509256322
2015-08-09,4.0442605,4.0391455,4.0606046,4.0815163,4.120630241904229
2015-08-10,4.1325927,4.1346855,4.143181,4.150071,4.10674315286637
2015-08-11,4.1025147,4.1046715,4.113306,4.1326184,4.087921854814097
2015-08-12,4.0821595,4.0871286,4.0916195,4.1091123,4.063885872191554
2015-08-13,4.0558634,4.0608516,4.065082,4.0852904,4.087921854814097
2015-08-14,4.093725,4.10205,4.105003,4.1172967,4.073569702271442
2015-08-15,4.0691133,4.075768,4.079686,4.1021156,4.044232258824467
2015-08-16,4.0346403,4.0413136,4.0454206,4.068026,4.019109281710192
2015-08-17,4.0102158,4.0161004,4.02073,4.043141,3.9452093057663773
2015-08-18,3.9230025,3.9244006,3.934708,3.963091,3.8830534563987587
2015-08-19,3.8639288,3.8634872,3.8760655,3.899977,3.871325281159357
2015-08-20,3.8684578,3.8685985,3.878756,3.8977842,3.950672860780806
2015-08-21,3.9772823,3.9845018,3.9836247,3.9987836,4.3312548288769905
2015-08-22,4.4440236,4.4776874,4.4433556,4.475851,4.7678450709760165
2015-08-23,4.8819156,4.905821,4.877783,4.960415,4.545021219711222
2015-08-24,4.4524803,4.4678044,4.450095,4.5061083,4.269822588919793
2015-08-25,4.153624,4.170225,4.1722865,4.189131,4.277711196980682
2015-08-26,4.2556663,4.2666836,4.2686605,4.245859,4.17867409545114
2015-08-27,4.125704,4.1208696,4.1371803,4.1742682,4.10674315286637
2015-08-28,4.0706835,4.065055,4.0809784,4.1053514,4.083160654480978
2015-08-29,4.068367,4.0636473,4.0777917,4.095234,3.8830534563987587
2015-08-30,3.813577,3.7989254,3.8297024,3.8726134,3.7186790565025456
2015-08-31,3.661579,3.6378822,3.678314,3.697378,3.617532840760075
2015-09-01,3.5838537,3.5556588,3.5997748,3.6079612,3.5944604786690078
2015-09-02,3.5931273,3.5694385,3.6042318,3.6051137,3.5547826419670616
2015-09-03,3.5590196,3.539343,3.5679212,3.574095,3.602210564993731
2015-09-04,3.6361732,3.6293116,3.6418467,3.6346111,3.654841840613989
2015-09-05,3.6965625,3.6967494,3.6993341,3.6951604,3.647490567207218
2015-09-06,3.6753478,3.6784635,3.6771142,3.6781716,3.697849521568863
2015-09-07,3.7373607,3.7491634,3.7402704,3.7372594,3.7186790565025456
2015-09-08,3.750484,3.7611196,3.7530584,3.7645626,3.6400848521170572
2015-09-09,3.64433,3.6517491,3.6475005,3.6709166,3.602210564993731
2015-09-10,3.6113424,3.620872,3.6179726,3.6332448,3.562845155810006
2015-09-11,3.5724893,3.5777612,3.579507,3.599041,3.6765768708522812
2015-09-12,3.7266908,3.7415137,3.7358522,3.7368493,3.822986691244182
2015-09-13,3.8882766,3.9021146,3.8946152,3.9026716,4.120630241904229
2015-09-14,4.2249355,4.249505,4.233157,4.2483044,4.138851368605764
2015-09-15,4.1598816,4.1687813,4.158586,4.199241,4.102070934174963
2015-09-16,4.0963736,4.120542,4.104318,4.117348,4.073569702271442
2015-09-17,4.06466,4.0825543,4.075411,4.0883207,3.9722333810664554
2015-09-18,3.939552,3.9470794,3.9484668,3.9782815,3.853471008071346
2015-09-19,3.816174,3.8171594,3.826324,3.853075,3.7786844708663403
2015-09-20,3.758325,3.754043,3.7697134,3.785658,3.697849521568863
2015-09-21,3.6804204,3.6709495,3.6926594,3.710576,3.602210564993731
2015-09-22,3.584877,3.5724177,3.5954175,3.6129804,3.683718153262497
2015-09-23,3.726644,3.7273405,3.7355635,3.7179375,3.6693842234961562
2015-09-24,3.6906424,3.6856818,3.693826,3.70485,3.6765768708522812
2015-09-25,3.7063966,3.7110186,3.709314,3.7088864,3.9668866744396802
2015-09-26,4.0848427,4.1112213,4.0914874,4.0643764,3.7786844708663403
2015-09-27,3.7498562,3.7480478,3.7394228,3.803726,3.647490567207218
2015-09-28,3.6266937,3.6383107,3.6280437,3.6436725,3.617532840760075
2015-09-29,3.6245444,3.6281002,3.6302671,3.6360137,3.8946456745321454
2015-09-30,4.004756,4.028639,4.013885,3.9901252,6.105699464862291
2015-10-01,6.686591,6.51215,6.7421517,6.283793,5.70763694953174
2015-10-02,5.3517447,5.403623,5.2718635,5.4344754,5.771379957675647
2015-10-03,5.6445713,5.6757045,5.643958,5.5496697,5.780163258428669
2015-10-04,5.6601524,5.671178,5.6922197,5.668727,5.831302130334153
2015-10-05,5.72282,5.7710934,5.715299,5.7421703,6.305390112861966
2015-10-06,6.417827,6.4870443,6.434511,6.310974,6.522981106754289
2015-10-07,6.3626156,6.3306503,6.3630185,6.385735,6.300204808614172
2015-10-08,6.020305,6.0015235,6.016211,6.0428696,5.977883155187074
2015-10-09,5.782459,5.7253656,5.777007,5.7748466,5.688652608480294
2015-10-10,5.5298686,5.493406,5.533707,5.52066,5.4470195223353075
2015-10-11,5.3301616,5.293192,5.3299212,5.3195186,5.232844278574145
2015-10-12,5.137299,5.104596,5.141732,5.1429815,5.074282852076003
2015-10-13,5.0168347,4.991233,5.0219197,5.018059,4.941897509834077
2015-10-14,4.8936763,4.87816,4.9022474,4.9080157,4.859751523406449
2015-10-15,4.845827,4.8351398,4.850584,4.839446,4.763020337414219
2015-10-16,4.7315154,4.72682,4.740958,4.7463245,4.6745859321042955
2015-10-17,4.658581,4.6475697,4.663246,4.659003,4.5804721538899145
2015-10-18,4.5552254,4.5491624,4.5655217,4.5649977,4.505142483689921
2015-10-19,4.4956403,4.487079,4.504052,4.4915767,4.416858966737203
2015-10-20,4.3955774,4.3894753,4.4090157,4.3966618,4.389130578352431
2015-10-21,4.408641,4.4035068,4.419843,4.372719,4.34236475948822
2015-10-22,4.3414497,4.3425403,4.360411,4.3353014,4.3086576753693455
2015-10-23,4.326075,4.321671,4.3415504,4.3118553,4.269822588919793
2015-10-24,4.2794504,4.2790136,4.3016615,4.2815647,4.265854825191188
2015-10-25,4.2982197,4.2985935,4.323441,4.289774,4.2335328882383845
2015-10-26,4.246067,4.2475758,4.276351,4.2610335,4.204367978034394
2015-10-27,4.224901,4.2236447,4.2519755,4.228676,4.17867409545114
2015-10-28,4.197652,4.198653,4.2212605,4.202144,4.265854825191188
2015-10-29,4.343959,4.3567414,4.3606706,4.3008924,5.753578473030797
2015-10-30,6.458236,6.353675,6.5075517,6.161357,5.903418055581555
2015-10-31,5.6546035,5.733193,5.683276,5.844066,5.284399697964646
2015-11-01,4.881155,4.9452987,4.9441614,5.1197815,5.408459040095297
2015-11-02,5.588804,5.538557,5.5529394,5.300702,5.319662717599233
2015-11-03,5.1533847,5.2278047,5.2404804,5.3061657,5.232844278574145
2015-11-04,5.2174053,5.1808085,5.2057185,5.2043724,5.076052665475794
2015-11-05,4.991609,4.991126,5.0317016,5.036018,4.9638970126178625
2015-11-06,4.935476,4.9188743,4.953771,4.9208336,4.848714650423074
2015-11-07,4.8058424,4.798936,4.8354006,4.796006,4.7678450709760165
2015-11-08,4.7575703,4.7467375,4.7790513,4.724175,4.685097643177592
2015-11-09,4.6671095,4.6611633,4.6921964,4.6633697,4.617510104409109
2015-11-10,4.6164274,4.607052,4.636123,4.5997396,4.791625624990172
2015-11-11,4.9374533,4.971636,4.9558415,4.838836,4.857553872308194
2015-11-12,4.891454,4.911907,4.910185,4.9192452,4.84203357931373
2015-11-13,4.874208,4.86664,4.879844,4.86549,4.919403121278668
2015-11-14,5.0000067,5.02008,5.015381,4.960817,5.043706660898021
2015-11-15,5.128898,5.15534,5.1428485,5.1331515,5.194320581294612
2015-11-16,5.2910104,5.3155603,5.3011513,5.311346,5.160772795559379
2015-11-17,5.1333284,5.137693,5.1441355,5.19484,5.054605328374065
2015-11-18,5.02692,5.010063,5.035278,5.0404067,4.947945531675844
2015-11-19,4.9185104,4.9091825,4.9357133,4.9324317,4.917332862038511
2015-11-20,4.936726,4.937403,4.953796,4.926976,4.947945531675844
2015-11-21,4.994988,5.0098686,5.016014,4.99024,5.047352763878787
2015-11-22,5.136271,5.1584105,5.153222,5.12684,5.152616562168123
2015-11-23,5.2330265,5.2527323,5.2485557,5.246764,5.325191171263212
2015-11-24,5.4482703,5.475474,5.459371,5.456576,5.243370193483494
2015-11-25,5.1812806,5.180492,5.1931753,5.260234,5.14439325720748
2015-11-26,5.1375933,5.111684,5.1400366,5.121519,5.045531374145852
2015-11-27,5.017695,5.012819,5.0257683,5.0237007,4.959932933564125
2015-11-28,4.947508,4.9372454,4.9595795,4.9473934,4.892149563492397
2015-11-29,4.8904324,4.885427,4.9098806,4.8909187,4.857553872308194
2015-11-30,4.87791,4.8767247,4.8921294,4.867861,4.837554604162348
2015-12-01,4.8652225,4.8655577,4.8801455,4.853828,4.9912141072625085
2015-12-02,5.1323047,5.164521,5.144663,5.0509896,5.319662717599233
2015-12-03,5.532675,5.5828547,5.5416703,5.514539,5.613034675552305
2015-12-04,5.760356,5.77409,5.7531357,5.813708,5.863997295331724
2015-12-05,5.973613,5.986247,5.968472,5.9957323,6.246816993780267
2015-12-06,6.4065423,6.4410048,6.405117,6.3874793,6.111994608039373
2015-12-07,5.882469,5.8956785,5.8861604,6.0072193,5.903418055581555
2015-12-08,5.8020954,5.7399383,5.79524,5.77368,5.716995656598056
2015-12-09,5.644718,5.6120577,5.6433945,5.613738,5.564323651241661
2015-12-10,5.5001483,5.4887357,5.507257,5.49116,5.4457985678727265
2015-12-11,5.4129605,5.4061365,5.42214,5.398096,5.359068305290811
2015-12-12,5.343525,5.345283,5.356332,5.3284874,5.297238099728271
2015-12-13,5.2975373,5.3011312,5.3084784,5.263808,5.189596397160559
2015-12-14,5.159296,5.15241,5.170585,5.1396375,5.122690707391622
2015-12-15,5.130534,5.1277666,5.141506,5.0799794,5.0883544250225325
2015-12-16,5.108171,5.1135697,5.119936,5.0673494,5.010279317903715
2015-12-17,5.001585,4.9952126,5.0116906,4.996826,4.995056338882516
2015-12-18,5.0382648,5.0404887,5.04673,4.9951286,5.100506688483835
2015-12-19,5.2093983,5.238141,5.2170324,5.136205,5.060010440487425
2015-12-20,5.0592403,5.054155,5.0611544,5.0687437,5.027132656305923
2015-12-21,5.065738,5.057617,5.067194,5.025109,5.036374328731342
2015-12-22,5.0852,5.092824,5.0914,5.0500855,5.038212458219839
2015-12-23,5.078367,5.080322,5.084114,5.060915,5.093580631254217
2015-12-24,5.1724563,5.18588,5.180324,5.130529,5.629436359385171
2015-12-25,6.005457,6.092351,6.012035,5.9588103,5.822958537953851
2015-12-26,5.8337474,5.8237586,5.8194766,5.96431,6.252285876928387
2015-12-27,6.5074177,6.5511913,6.5128407,6.5114155,6.013134525222795
2015-12-28,5.7305317,5.7646875,5.742294,5.904069,6.241318037406939
2015-12-29,6.4397025,6.485329,6.4294243,6.26223,6.551688879588893
2015-12-30,6.6451716,6.6513762,6.652917,6.8095603,6.722248982458619
2015-12-31,6.668052,6.645112,6.653261,6.6975756,6.745830758388381
2016-01-01,6.673463,6.6544247,6.6647863,6.6473904,6.6067443656161675
2016-01-02,6.4700375,6.4466705,6.463808,6.4820395,6.408496693458379
2016-01-03,6.290028,6.261194,6.275806,6.2788672,6.207673741969713
2016-01-04,6.117736,6.087052,6.108858,6.0934405,6.047185434000105
2016-01-05,5.9874187,5.969168,5.986378,5.960927,5.89565724379664
2016-01-06,5.838715,5.8242483,5.8432207,5.8309393,5.762518826437152
2016-01-07,5.7185845,5.710628,5.729105,5.7024064,5.637537411373188
2016-01-08,5.5967307,5.5932393,5.6102614,5.572856,5.523344816113143
2016-01-09,5.488172,5.488739,5.503565,5.463083,5.443352177636994
2016-01-10,5.4300838,5.4386964,5.4451485,5.396438,5.956120007371824
2016-01-11,6.3459992,6.4807854,6.3454676,6.151466,6.522981106754289
2016-01-12,6.7587166,6.7357917,6.7378855,6.916323,6.458540532984997
2016-01-13,6.269248,6.2507405,6.276122,6.360853,6.355815926856824
2016-01-14,6.3174458,6.278395,6.3278804,6.2572217,6.178745436192545
2016-01-15,6.0858827,6.0644426,6.085064,6.0820107,6.026894334357651
2016-01-16,5.954263,5.9448476,5.9580584,5.942143,6.013134525222795
2016-01-17,6.044722,6.074639,6.05,5.9794197,5.992133165900611
2016-01-18,5.98663,6.00032,5.996849,5.994862,5.911119100707034
2016-01-19,5.877204,5.875152,5.8926864,5.8861814,5.887835730411415
2016-01-20,5.9096518,5.926015,5.925581,5.8677244,5.847783328608551
2016-01-21,5.8421793,5.851015,5.853565,5.8342323,5.554509296371467
2016-01-22,5.3905363,5.3683805,5.4047933,5.492893,5.488840054022952
2016-01-23,5.512452,5.519706,5.523417,5.4424243,5.15097730209948
2016-01-24,4.9542565,4.940804,4.9655194,5.099805,4.791625624990172
2016-01-25,4.6004887,4.5632215,4.618962,4.7309203,4.6745859321042955
2016-01-26,4.61875,4.587946,4.6262927,4.6225023,5.149335350444451
2016-01-27,5.474113,5.5803065,5.470743,5.144433,5.688652608480294
2016-01-28,5.99691,6.0152316,5.9798155,5.8311925,5.863997295331724
2016-01-29,5.934741,5.9109855,5.9041033,5.9899664,5.753578473030797
2016-01-30,5.693445,5.683084,5.7015505,5.7302322,5.726267589730774
2016-01-31,5.760473,5.7658043,5.7615204,5.699044,5.788870084026495
2016-02-01,5.8462296,5.8765254,5.8454175,5.8223963,6.006182963507376
2016-02-02,6.150478,6.2046456,6.151379,6.184843,6.241318037406939
2016-02-03,6.3527265,6.37546,6.351444,6.4445696,7.1553349931933505
2016-02-04,7.640728,7.6277103,7.6400857,7.513113,7.864542141781816
2016-02-05,7.835037,7.6914024,7.8270335,7.632962,8.035128730997727
2016-02-06,7.7208247,7.6702647,7.7003264,7.66417,7.61644007352988
2016-02-07,7.175377,7.227477,7.212355,7.294945,7.25218077604388
2016-02-08,7.025393,7.015136,6.998782,7.0221314,6.974053298031007
2016-02-09,6.791497,6.7942886,6.8035502,6.8175936,6.794564931871724
2016-02-10,6.6764216,6.686338,6.692256,6.6923122,6.662551385222331
2016-02-11,6.5898886,6.590126,6.5966406,6.6070414,6.514625203919139
2016-02-12,6.444366,6.4201837,6.4471226,6.4640875,6.340953363288808
2016-02-13,6.277212,6.239157,6.274337,6.2748346,6.172857980421892
2016-02-14,6.129231,6.0867014,6.119622,6.1061487,5.9991827391026495
2016-02-15,5.9529586,5.9087977,5.9410267,5.9400563,5.855923173199795
2016-02-16,5.8290415,5.794525,5.820502,5.810936,6.0604876463962025
2016-02-17,6.262309,6.335501,6.2538085,6.114025,6.816519493836083
2016-02-18,7.2744865,7.310025,7.260749,7.262396,7.170691117433784
2016-02-19,7.1376333,7.0658207,7.1553493,7.195824,7.18366839302465
2016-02-20,7.058467,7.0420017,7.100006,7.0547686,6.8620021151131025
2016-02-21,6.6273456,6.6223083,6.6585226,6.714287,6.684030401098375
2016-02-22,6.6164975,6.6099844,6.620673,6.568242,6.7491546422558475
2016-02-23,6.8029623,6.868148,6.8113594,6.802072,6.876714617378938
2016-02-24,6.8972797,6.9245796,6.906694,7.1119223,6.9526250438902375
2016-02-25,6.9351277,6.9494305,6.9496965,7.0734997,7.416498072131846
2016-02-26,7.631459,7.729642,7.6673985,7.6287813,7.495052801269066
2016-02-27,7.2905564,7.261035,7.3044357,7.4049654,7.279885947342041
2016-02-28,7.0571995,7.058337,7.0846868,7.122061,7.0357135252333425
2016-02-29,6.899737,6.8959312,6.9187527,6.898822,6.807169353787871
2016-03-01,6.6712265,6.6718106,6.679492,6.696703,6.640600875474553
2016-03-02,6.562793,6.5612354,6.5575523,6.555267,6.501958958397175
2016-03-03,6.446912,6.4382677,6.4279103,6.4315233,6.360721428791316
2016-03-04,6.3109674,6.289479,6.289067,6.289747,6.257725013997713
2016-03-05,6.2450967,6.225395,6.229121,6.1884184,6.166935657133506
2016-03-06,6.157875,6.1379046,6.146752,6.1064897,6.073615230341216
2016-03-07,6.063402,6.0414686,6.0574827,6.0236998,5.98503354317975
2016-03-08,5.9805555,5.960396,5.9771094,5.9465504,5.918761292678645
2016-03-09,5.927172,5.912995,5.925853,5.8947268,5.847783328608551
2016-03-10,5.847804,5.834238,5.849165,5.826023,5.771379957675647
2016-03-11,5.769743,5.7553267,5.7740345,5.736571,5.716995656598056
2016-03-12,5.730303,5.720976,5.7354274,5.678935,5.659482740425686
2016-03-13,5.6650686,5.6566405,5.670518,5.629085,5.613034675552305
2016-03-14,5.628242,5.6208863,5.6332545,5.5912247,5.735454343294124
2016-03-15,5.860775,5.891286,5.8604445,5.749387,5.839576682824144
2016-03-16,5.9122047,5.933007,5.9017177,5.875839,6.099364441674679
2016-03-17,6.2859817,6.3332977,6.276822,6.24386,6.16097805087107
2016-03-18,6.1572123,6.1663737,6.1423607,6.237832,6.073615230341216
2016-03-19,6.0349455,6.0229607,6.039363,6.066764,5.992133165900611
2016-03-20,5.980362,5.973518,5.976407,5.9749637,5.933872667883251
2016-03-21,5.923747,5.923977,5.91833,5.9315066,5.8720067478175615
2016-03-22,5.860684,5.8554807,5.853055,5.870638,5.822958537953851
2016-03-23,5.824517,5.82115,5.8153734,5.816344,5.788870084026495
2016-03-24,5.797993,5.7981157,5.787084,5.7822423,5.735454343294124
2016-03-25,5.7310715,5.7276254,5.718875,5.7279706,5.679023552850889
2016-03-26,5.6792994,5.673705,5.671874,5.6714554,5.632481949724574
2016-03-27,5.638944,5.6353617,5.6341243,5.6291146,5.585794496874215
2016-03-28,5.5908804,5.5869446,5.58703,5.584655,5.581537049216693
2016-03-29,5.615747,5.6177654,5.612081,5.594189,5.584731833053162
2016-03-30,5.6151037,5.620395,5.610325,5.6091785,5.579401508841102
2016-03-31,5.606276,5.6091084,5.6025457,5.6025524,5.532348497292913
2016-04-01,5.5341167,5.5315847,5.5306263,5.5396605,5.484148136487472
2016-04-02,5.4923677,5.487035,5.489453,5.484814,5.455524716220067
2016-04-03,5.4731507,5.4709864,5.469229,5.463333,5.435976891685314
2016-04-04,5.456175,5.4553113,5.4524064,5.4511437,5.386664184810632
2016-04-05,5.3883133,5.3835297,5.385188,5.3945475,5.360399807620764
2016-04-06,5.3818293,5.3779864,5.37956,5.3708797,5.337519563123734
2016-04-07,5.354919,5.353559,5.3518233,5.354175,5.455524716220067
2016-04-08,5.560316,5.57956,5.5575767,5.531636,5.542381674313719
2016-04-09,5.600988,5.6168666,5.5933723,5.646763,5.51653845310727
2016-04-10,5.5196915,5.522157,5.519704,5.5588098,5.381466205027394
2016-04-11,5.333472,5.3247232,5.333686,5.3649,5.325191171263212
2016-04-12,5.3343844,5.325294,5.3318963,5.3118,5.323811920562386
2016-04-13,5.348201,5.350462,5.3413506,5.33894,5.323811920562386
2016-04-14,5.34736,5.3492017,5.341134,5.350698,5.274299060620059
2016-04-15,5.2714663,5.268801,5.2675166,5.2853622,5.253786466586722
2016-04-16,5.2740836,5.2731237,5.271832,5.26524,5.292976920105729
2016-04-17,5.340967,5.349163,5.3361125,5.329795,5.231331490997262
2016-04-18,5.2154326,5.2148175,5.211343,5.246583,5.178485726692661
2016-04-19,5.1822085,5.1775436,5.182337,5.1804385,5.11421653236214
2016-04-20,5.1048613,5.1003838,5.1021314,5.114677,5.0689545404712275
2016-04-21,5.072099,5.067017,5.070937,5.0734177,5.021546376939063
2016-04-22,5.021227,5.0164614,5.0198646,5.028126,4.996971932806703
2016-04-23,5.0101686,5.0072184,5.0093546,5.0087643,4.9756958294052325
2016-04-24,4.9888105,4.9872546,4.9874163,4.991607,5.000792147177106
2016-04-25,5.039008,5.042576,5.0370107,5.0303063,5.081343389490713
2016-04-26,5.144693,5.155151,5.1391068,5.137851,5.098779666195568
2016-04-27,5.1252036,5.131667,5.119938,5.145463,5.105669931503958
2016-04-28,5.1306977,5.138402,5.129379,5.1388354,5.0883544250225325
2016-04-29,5.097914,5.1036696,5.0954804,5.1125894,5.058211980634923
2016-04-30,5.0612373,5.0653353,5.060583,5.074983,5.028987836102719
2016-05-01,5.0319333,5.0350246,5.03113,5.0441027,5.1210016075818166
2016-05-02,5.18377,5.1971564,5.178687,5.1766634,5.521081171942611
2016-05-03,5.720795,5.7520103,5.7013884,5.7979736,6.14895529006888
2016-05-04,6.387217,6.366466,6.359061,6.4320774,6.422395255229056
2016-05-05,6.4196215,6.3891296,6.4041834,6.3647923,6.591321073692654
2016-05-06,6.5490193,6.5499816,6.5583706,6.4973984,6.62193338823641
2016-05-07,6.517641,6.516445,6.5098133,6.511899,6.888330730130158
2016-05-08,6.886282,6.90965,6.8943124,6.785666,6.981971974971494
2016-05-09,6.8616877,6.813841,6.834778,6.854564,6.838002389694239
2016-05-10,6.649223,6.6223745,6.6274614,6.6716566,6.614367714950097
2016-05-11,6.445857,6.430194,6.4300056,6.454851,6.431554793405463
2016-05-12,6.3034225,6.295968,6.294057,6.302128,6.310548668370346
2016-05-13,6.21702,6.215823,6.214047,6.2117777,6.219014744237832
2016-05-14,6.143842,6.1426888,6.142604,6.151193,6.154984738708317
2016-05-15,6.0998645,6.101313,6.099509,6.111465,6.196202644549361
2016-05-16,6.195461,6.215071,6.197217,6.200235,6.142889266540657
2016-05-17,6.0848017,6.083107,6.0753527,6.1367626,6.040467378094604
2016-05-18,5.976266,5.970601,5.973057,6.00142,5.948759084641702
2016-05-19,5.897107,5.898063,5.893634,5.9172826,5.831302130334153
2016-05-20,5.768103,5.765978,5.7619786,5.804647,5.744557468110323
2016-05-21,5.7038913,5.7044644,5.6994543,5.727022,5.735454343294124
2016-05-22,5.731934,5.7464366,5.726595,5.742796,5.822958537953851
2016-05-23,5.8581586,5.887046,5.8516054,5.879126,6.178745436192545
2016-05-24,6.3150997,6.3711953,6.315071,6.4043427,6.768869221838052
2016-05-25,6.9153976,6.9196057,6.9216814,6.931998,6.807169353787871
2016-05-26,6.661187,6.62052,6.6240926,6.702221,6.599062454101417
2016-05-27,6.412595,6.4050465,6.412538,6.4457517,6.355815926856824
2016-05-28,6.198333,6.195095,6.196679,6.2202244,6.130645700837192
2016-05-29,5.990346,5.989299,5.989795,6.0148983,6.040467378094604
2016-05-30,5.9684772,5.983474,5.976254,5.974012,5.933872667883251
2016-05-31,5.8525267,5.86082,5.854504,5.8959603,5.839576682824144
2016-06-01,5.774767,5.780817,5.775879,5.8048387,5.753578473030797
2016-06-02,5.697649,5.7062273,5.699666,5.7211475,5.698189828980158
2016-06-03,5.66037,5.672578,5.660526,5.6746387,5.659482740425686
2016-06-04,5.6298094,5.6444736,5.628031,5.6477666,5.735454343294124
2016-06-05,5.756431,5.78707,5.754248,5.770854,6.426985511423051
2016-06-06,6.662823,6.7326336,6.6841474,6.7547665,6.320786627181814
2016-06-07,6.1541977,6.1366935,6.107324,6.237239,6.480485372142056
2016-06-08,6.4694843,6.493619,6.5006595,6.401702,6.246816993780267
2016-06-09,6.064238,6.056957,6.0446734,6.1533623,5.970681270705086
2016-06-10,5.805434,5.791464,5.8045444,5.8324637,5.744557468110323
2016-06-11,5.6177745,5.608713,5.6241374,5.634959,5.550116250574194
2016-06-12,5.4413424,5.434028,5.444615,5.470592,5.391835285258079
2016-06-13,5.3072696,5.300232,5.3116593,5.3311524,5.235863005411122
2016-06-14,5.158727,5.1516523,5.1640577,5.183656,5.126060371857187
2016-06-15,5.0756607,5.071528,5.080084,5.080113,5.023411939601336
2016-06-16,4.978671,4.977244,4.983111,4.984306,4.995056338882516
2016-06-17,4.9851546,4.9904537,4.987744,4.975088,5.3982617826716774
2016-06-18,5.558556,5.611666,5.5540752,5.53377,5.267021341459638
2016-06-19,5.1906304,5.202493,5.178387,5.282768,5.46035254464929
2016-06-20,5.524677,5.560293,5.5262694,5.4960866,5.626381465081976
2016-06-21,5.647531,5.6688256,5.6329875,5.734747,5.427303073902272
2016-06-22,5.305091,5.3172946,5.3036804,5.3874755,5.698189828980158
2016-06-23,5.768509,5.814562,5.7728324,5.750826,5.535704087030893
2016-06-24,5.4118285,5.4154286,5.4075637,5.5332937,5.4033734093345425
2016-06-25,5.3134184,5.3153167,5.3222184,5.3410974,5.385367220700345
2016-06-26,5.3465085,5.3584423,5.3499455,5.36706,5.744557468110323
2016-06-27,5.838951,5.8819914,5.8320484,5.9155498,5.933872667883251
2016-06-28,5.91986,5.916949,5.909133,6.0422673,5.780163258428669
2016-06-29,5.642479,5.642744,5.6438975,5.707779,5.532348497292913
2016-06-30,5.385196,5.3827324,5.395046,5.418694,5.393123892977382
2016-07-01,5.301352,5.3004594,5.306382,5.3101664,5.4147799222067725
2016-07-02,5.3889246,5.403293,5.3866887,5.3885064,5.291552482289821
2016-07-03,5.205464,5.2068806,5.205067,5.264733,5.098779666195568
2016-07-04,4.9980607,4.990938,5.0005493,5.0443363,4.9638970126178625
2016-07-05,4.8929214,4.8851953,4.89832,4.914551,5.115917122037485
2016-07-06,5.161493,5.1816273,5.150604,5.1334114,5.028987836102719
2016-07-07,4.969868,4.977598,4.970063,5.03166,4.969813822420308
2016-07-08,4.932928,4.938181,4.931933,4.9550486,4.953957194737942
2016-07-09,4.9306517,4.941015,4.927916,4.959955,5.027132656305923
2016-07-10,5.034782,5.0520988,5.0259895,5.069381,4.896391068333013
2016-07-11,4.8241487,4.83333,4.8265104,4.894329,4.803307141996804
2016-07-12,4.750617,4.755125,4.7527266,4.783919,4.7410162524837585
2016-07-13,4.699241,4.7037563,4.701425,4.7357516,4.631398002625359
2016-07-14,4.5736194,4.5746684,4.5792456,4.625774,4.542009454694139
2016-07-15,4.4944706,4.492918,4.49971,4.5367155,4.495709384892506
2016-07-16,4.46558,4.4650517,4.46851,4.5006127,4.433806717204057
2016-07-17,4.4006395,4.4002366,4.4065537,4.4405727,4.571726544775685
2016-07-18,4.6088,4.6224217,4.6024523,4.618044,4.511382140936829
2016-07-19,4.481564,4.4892254,4.484778,4.5343027,4.529870859386564
2016-07-20,4.524395,4.5381117,4.5271616,4.5498624,4.520669228641858
2016-07-21,4.503828,4.515679,4.5072603,4.54579,4.583370442297205
2016-07-22,4.5880914,4.6050296,4.5909004,4.6247206,4.4668641401373925
2016-07-23,4.412724,4.4214177,4.423325,4.4748387,4.3312548288769905
2016-07-24,4.2688303,4.27268,4.2820506,4.319096,4.257871753650806
2016-07-25,4.2156973,4.2149334,4.2257557,4.255153,4.1916035564231855
2016-07-26,4.155692,4.1518903,4.166608,4.198613,4.152302588195782
2016-07-27,4.128756,4.1253705,4.1395955,4.165216,4.059008562388448
2016-07-28,4.0229635,4.016917,4.035624,4.067233,4.277711196980682
2016-07-29,4.3358665,4.352351,4.3335667,4.3352904,4.8217182965223895
2016-07-30,4.97177,5.0088973,4.9598575,5.0443287,4.72857925472642
2016-07-31,4.6811466,4.6907244,4.6772327,4.740801,5.581537049216693
2016-08-01,5.776442,5.840151,5.7936745,5.760674,5.5664915998218305
2016-08-02,5.44439,5.4309793,5.422815,5.477039,5.256742724432961
2016-08-03,5.0550604,5.079034,5.074448,5.096496,4.998883864245524
2016-08-04,4.8455315,4.8483324,4.8669043,4.863072,4.892149563492397
2016-08-05,4.8064227,4.8050237,4.8117046,4.8030987,4.807941806521829
2016-08-06,4.73732,4.7343087,4.741614,4.7567444,4.687708396222742
2016-08-07,4.612288,4.6050863,4.617872,4.649166,4.571726544775685
2016-08-08,4.5061107,4.4960537,4.5120935,4.535582,4.4861864546811
2016-08-09,4.4367323,4.4273543,4.441108,4.4552093,4.430440067347962
2016-08-10,4.3958445,4.3893332,4.398278,4.4107895,4.502007994076144
2016-08-11,4.519416,4.525397,4.512392,4.520238,4.406550711759528
2016-08-12,4.358155,4.362756,4.3625174,4.411041,4.316246938331876
2016-08-13,4.2764277,4.274625,4.2788353,4.3073645,4.249824439481782
2016-08-14,4.2175336,4.2149744,4.2218785,4.246244,4.17867409545114
2016-08-15,4.14645,4.142212,4.1511374,4.1717396,4.187312283880188
2016-08-16,4.186442,4.186015,4.187119,4.1950192,4.514487430037618
2016-08-17,4.6250014,4.656253,4.608932,4.628704,4.523745856265151
2016-08-18,4.511363,4.529003,4.506402,4.593501,5.01967732744683
2016-08-19,5.172767,5.2289133,5.154928,5.207111,4.981543440601665
2016-08-20,4.9004474,4.921674,4.893676,4.9980807,4.700660889307975
2016-08-21,4.554372,4.5720415,4.5651402,4.6177006,4.6119004866569915
2016-08-22,4.5534315,4.5546722,4.559164,4.5631356,4.529870859386564
2016-08-23,4.4679523,4.469138,4.478051,4.5183015,4.353352614550293
2016-08-24,4.2628613,4.253937,4.280115,4.3373947,4.249824439481782
2016-08-25,4.19878,4.1819415,4.213884,4.2413077,4.3086576753693455
2016-08-26,4.3245764,4.321815,4.3318205,4.3370852,4.293304141964028
2016-08-27,4.2791443,4.2818694,4.289781,4.3134975,4.1160226069629715
2016-08-28,4.0478907,4.0419374,4.066242,4.0998707,4.02418462405769
2016-08-29,3.9915233,3.9772506,4.0034976,4.012824,3.91178586939682
2016-08-30,3.8705711,3.8546674,3.8925638,3.9097533,3.853471008071346
2016-08-31,3.8371897,3.820026,3.8553462,3.8606992,3.797911954190348
2016-09-01,3.7871122,3.772028,3.804113,3.81083,3.8474480351791676
2016-09-02,3.876768,3.8716733,3.8868313,3.8734198,4.204367978034394
2016-09-03,4.3373766,4.3663015,4.3373137,4.3124185,4.019109281710192
2016-09-04,3.9747987,3.9812522,3.9795399,4.0442977,3.871325281159357
2016-09-05,3.8339534,3.8408046,3.8443818,3.8643904,3.7786844708663403
2016-09-06,3.7537727,3.750146,3.7683058,3.7881117,3.7117839737678135
2016-09-07,3.6975408,3.6894526,3.7102683,3.7353907,3.7786844708663403
2016-09-08,3.811141,3.8121076,3.8221107,3.8266587,3.9722333810664554
2016-09-09,4.0500507,4.0649734,4.058198,4.0585766,3.7590800316739688
2016-09-10,3.7187283,3.7166429,3.7262616,3.7825873,3.7457935775805327
2016-09-11,3.7543063,3.7642934,3.7685757,3.764628,3.697849521568863
2016-09-12,3.6986456,3.6969895,3.7132478,3.7261682,3.6908087991542597
2016-09-13,3.705757,3.7084322,3.71926,3.7247376,3.7524588706977435
2016-09-14,3.7906091,3.798121,3.8032916,3.7998948,3.8042398289983805
2016-09-15,3.842751,3.8516498,3.8532798,3.8556492,3.683718153262497
2016-09-16,3.6730618,3.6754918,3.680365,3.7074523,3.578777753116364
2016-09-17,3.5663977,3.569386,3.5800695,3.593799,3.562845155810006
2016-09-18,3.5749779,3.5770936,3.5901937,3.5888119,3.530197580534919
2016-09-19,3.5435166,3.542233,3.5549006,3.5629845,3.4878296590621707
2016-09-20,3.5016274,3.5015516,3.512078,3.52046,3.5547826419670616
2016-09-21,3.5999427,3.608407,3.6118927,3.603372,3.617532840760075
2016-09-22,3.6676257,3.6755285,3.675261,3.675704,3.697849521568863
2016-09-23,3.7538495,3.7677512,3.7602863,3.758359,3.9230515970462094
2016-09-24,4.017645,4.040456,4.0275426,4.0155907,3.9230515970462094
2016-09-25,3.9514453,3.9602342,3.9496403,3.9780877,3.7786844708663403
2016-09-26,3.7573469,3.7735953,3.7587,3.7864127,3.6326238829606114
2016-09-27,3.602652,3.612946,3.609424,3.63316,3.6400848521170572
2016-09-28,3.6548786,3.664168,3.665319,3.665503,3.6908087991542597
2016-09-29,3.7267895,3.7322025,3.7343273,3.7419002,4.603426612908389
2016-09-30,4.9157076,4.9401684,4.942314,4.9271364,4.870667912381588
2016-10-01,4.912904,4.8759794,4.883415,4.938669,5.448238987885798
2016-10-02,5.5858035,5.606992,5.6087,5.567665,5.806059556794318
2016-10-03,5.7617946,5.7286196,5.747588,5.7264986,5.649567252152802
2016-10-04,5.390907,5.419507,5.388474,5.4842157,5.466354736896515
2016-10-05,5.3031983,5.3036914,5.306034,5.298655,5.31827581535361
2016-10-06,5.198276,5.206245,5.196508,5.190274,5.063597685807692
2016-10-07,4.8988953,4.8919125,4.9006796,4.950811,4.837554604162348
2016-10-08,4.7301707,4.6980577,4.72567,4.743351,4.671940648123228
2016-10-09,4.593099,4.5728216,4.601951,4.605972,4.529870859386564
2016-10-10,4.466235,4.4458647,4.474516,4.478097,4.437162070748989
2016-10-11,4.4077806,4.3894863,4.4149156,4.397155,4.495709384892506
2016-10-12,4.5506797,4.554865,4.5570593,4.5018735,4.710903431359487
2016-10-13,4.8355427,4.871231,4.845597,4.7983255,5.006495243515243
2016-10-14,5.1524405,5.1918173,5.160282,5.1734962,4.915258307932009
2016-10-15,4.82809,4.850579,4.838211,4.9342203,4.758172212897761
2016-10-16,4.7100453,4.6869564,4.708348,4.7236843,4.617510104409109
2016-10-17,4.556233,4.5503316,4.5747027,4.59267,4.5082671789708
2016-10-18,4.4691563,4.456598,4.481927,4.4986377,4.4405062035356275
2016-10-19,4.423804,4.4178376,4.4416437,4.4499607,4.396135088925286
2016-10-20,4.393607,4.3910184,4.411326,4.4208817,4.323779037937537
2016-10-21,4.308828,4.303667,4.326218,4.343534,4.289428640791545
2016-10-22,4.302833,4.2973385,4.317539,4.3023515,4.27377467169721
2016-10-23,4.2914352,4.292569,4.3120527,4.289627,4.165575271353882
2016-10-24,4.137567,4.130352,4.158477,4.173986,4.083160654480978
2016-10-25,4.0783086,4.0654197,4.0963573,4.0950356,4.059008562388448
2016-10-26,4.0758395,4.0717025,4.099261,4.085139,4.0973767833442185
2016-10-27,4.146373,4.150491,4.169526,4.135782,4.04918199293335
2016-10-28,4.0549636,4.055495,4.072743,4.0770855,4.02418462405769
2016-10-29,4.050757,4.0513916,4.0651464,4.0460773,3.998546331086231
2016-10-30,4.017937,4.0207033,4.0310407,4.022809,4.003726845194714
2016-10-31,4.040073,4.0454664,4.0536537,4.0350957,3.9668866744396802
2016-11-01,3.9812834,3.9847698,3.9965963,3.999555,4.014008048803438
2016-11-02,4.071333,4.0831623,4.0880637,4.05597,4.063885872191554
2016-11-03,4.1161017,4.1285434,4.134879,4.1147833,4.029234337326852
2016-11-04,4.0453596,4.0529156,4.0604944,4.068314,4.063885872191554
2016-11-05,4.1149673,4.1298475,4.132966,4.1052732,4.04918199293335
2016-11-06,4.069236,4.077853,4.08619,4.0883565,4.003726845194714
2016-11-07,4.0143385,4.0213785,4.029421,4.036158,3.9615112268025645
2016-11-08,3.9720194,3.9781117,3.986014,3.992581,3.9668866744396802
2016-11-09,3.998736,4.0079265,4.0127506,4.003172,4.008880659834339
2016-11-10,4.0569983,4.0693827,4.0715013,4.0527406,3.998546331086231
2016-11-11,4.023257,4.0319023,4.0345206,4.0375276,3.988104087792611
2016-11-12,4.0161033,4.027088,4.0286527,4.0230846,3.998546331086231
2016-11-13,4.033926,4.045957,4.047259,4.0368247,3.9722333810664554
2016-11-14,3.989626,3.9980242,4.000473,4.007654,3.91178586939682
2016-11-15,3.9149327,3.9212132,3.9228373,3.940464,3.9452093057663773
2016-11-16,3.9914136,4.0063014,4.0033784,3.9850614,3.9561067274920676
2016-11-17,3.9886088,3.998139,3.9988644,4.0014076,3.950672860780806
2016-11-18,3.9804564,3.9921975,3.9901147,3.9922628,3.9561067274920676
2016-11-19,3.9902813,4.0033445,3.9998214,3.9975278,3.9452093057663773
2016-11-20,3.9709456,3.9820487,3.9792457,3.9850092,3.9174345977150544
2016-11-21,3.935763,3.9461937,3.9432552,3.953742,3.8413885661583382
2016-11-22,3.8367395,3.8424659,3.8398876,3.8708725,3.829158351568268
2016-11-23,3.8527281,3.8649461,3.8587043,3.863696,3.83529215601539
2016-11-24,3.8654702,3.8761792,3.8714437,3.8774388,3.822986691244182
2016-11-25,3.8478906,3.8589387,3.8529978,3.8647408,3.8474480351791676
2016-11-26,3.890017,3.9068508,3.89777,3.892632,3.8413885661583382
2016-11-27,3.8701649,3.8824973,3.8746312,3.8849268,3.797911954190348
2016-11-28,3.8109496,3.8232174,3.8129628,3.8351374,3.7590800316739688
2016-11-29,3.771941,3.7851043,3.7731967,3.7948976,3.8474480351791676
2016-11-30,3.9152064,3.9404075,3.9264302,3.9000015,4.003726845194714
2016-12-01,4.1043262,4.1268883,4.1206346,4.079997,4.6005859558446955
2016-12-02,4.9131293,4.939519,4.9648094,4.8305287,4.620303156817015
2016-12-03,4.603206,4.5880814,4.596675,4.6969094,4.511382140936829
2016-12-04,4.4791875,4.50251,4.512136,4.5116796,4.562903774666632
2016-12-05,4.616394,4.639975,4.641273,4.5858946,4.628635810031989
2016-12-06,4.6659355,4.6809335,4.6935544,4.6832423,4.777425260524791
2016-12-07,4.873418,4.901156,4.9048347,4.864017,5.002696795499702
2016-12-08,5.1290307,5.156635,5.156916,5.14488,4.890022045553493
2016-12-09,4.8051515,4.804665,4.82598,4.9031386,4.959932933564125
2016-12-10,5.048692,5.072102,5.0702114,4.984335,5.147690698349585
2016-12-11,5.254271,5.2905555,5.2780833,5.2749577,5.129418719806332
2016-12-12,5.1023602,5.1000094,5.117515,5.1736455,4.979598033792509
2016-12-13,4.9192004,4.9044046,4.9353485,4.9545846,4.84203357931373
2016-12-14,4.797715,4.7840166,4.815246,4.810274,4.745948062264642
2016-12-15,4.719837,4.711101,4.7398267,4.7312145,4.66662899457153
2016-12-16,4.6503344,4.6418185,4.6707573,4.6659594,4.583370442297205
2016-12-17,4.5678015,4.5565395,4.587356,4.585882,4.495709384892506
2016-12-18,4.480386,4.465985,4.4991493,4.495187,4.450472021602776
2016-12-19,4.461584,4.4518113,4.480569,4.4532385,4.520669228641858
2016-12-20,4.5990186,4.610114,4.6198044,4.5497346,4.620303156817015
2016-12-21,4.710908,4.724182,4.729058,4.677246,4.805627159271321
2016-12-22,4.9543467,4.981564,4.970665,4.9042883,5.155887042742994
2016-12-23,5.3877416,5.428989,5.4024262,5.368699,5.129418719806332
2016-12-24,5.0947924,5.0875196,5.095755,5.1775694,5.0883544250225325
2016-12-25,5.1139207,5.111193,5.129105,5.09369,4.981543440601665
2016-12-26,4.9437337,4.937662,4.9614687,4.9732485,4.902719783247685
2016-12-27,4.8937397,4.885969,4.911645,4.8953424,4.844265566326998
2016-12-28,4.8422017,4.8393254,4.8630743,4.84815,4.807941806521829
2016-12-29,4.8211865,4.819628,4.8398166,4.8215694,4.8262686042990435
2016-12-30,4.87508,4.882191,4.8921943,4.8527727,4.786914540286064
2016-12-31,4.795798,4.79046,4.813146,4.8041444,4.736059999355431
2017-01-01,4.749184,4.741182,4.7664843,4.7435727,4.708352614327602
2017-01-02,4.7327356,4.7296915,4.7507915,4.7198296,4.718517073278009
2017-01-03,4.7635746,4.7649174,4.78054,4.741872,4.987357055939646
2017-01-04,5.193749,5.2484074,5.2119613,5.0914845,5.393123892977382
2017-01-05,5.6404867,5.6760826,5.6476254,5.654614,5.797501754702445
2017-01-06,6.005633,6.0152464,6.002774,6.059607,6.166935657133506
2017-01-07,6.305914,6.314469,6.30716,6.320995,6.14895529006888
2017-01-08,6.018682,6.016702,6.0267816,6.0908136,5.948759084641702
2017-01-09,5.816054,5.792307,5.827907,5.845783,5.698189828980158
2017-01-10,5.580915,5.5437255,5.582318,5.59107,5.4639581814194385
2017-01-11,5.356309,5.3298864,5.363212,5.3763328,5.399542140991772
2017-01-12,5.4042206,5.414497,5.4141555,5.355988,5.378857047776095
2017-01-13,5.391662,5.4052815,5.4051967,5.378457,5.275748270146459
2017-01-14,5.2391577,5.231817,5.2527666,5.25053,5.3550631277464165
2017-01-15,5.4586725,5.495812,5.472221,5.3475957,5.547912469346889
2017-01-16,5.691872,5.733815,5.6980305,5.616897,5.542381674313719
2017-01-17,5.540082,5.5332513,5.54108,5.5817432,5.523344816113143
2017-01-18,5.555499,5.5578256,5.5637174,5.54357,5.649567252152802
2017-01-19,5.7666306,5.8076644,5.768172,5.7444124,5.659482740425686
2017-01-20,5.6620765,5.6647873,5.660589,5.7207737,5.726267589730774
2017-01-21,5.8017206,5.824182,5.8058925,5.7837715,5.716995656598056
2017-01-22,5.720028,5.724457,5.722289,5.7514954,5.641563459402062
2017-01-23,5.61813,5.61314,5.625027,5.637333,5.640558465974555
2017-01-24,5.6801376,5.6950665,5.686323,5.6529684,6.154984738708317
2017-01-25,6.517413,6.629899,6.5156007,6.592172,7.202823899936208
2017-01-26,7.6684036,7.540574,7.643727,7.4946036,7.23803492939289
2017-01-27,6.8464913,6.8648157,6.8489175,6.952183,6.899813456751624
2017-01-28,6.6220474,6.5920763,6.6358237,6.6738005,6.6256948678035945
2017-01-29,6.5137024,6.4535894,6.5054235,6.455407,6.422395255229056
2017-01-30,6.3004036,6.2937083,6.30751,6.300488,6.219014744237832
2017-01-31,6.1178875,6.0956855,6.1180634,6.128709,6.047185434000105
2017-02-01,5.9873724,5.9634395,5.9902534,5.9781027,5.903418055581555
2017-02-02,5.8575954,5.839843,5.861464,5.840518,5.762518826437152
2017-02-03,5.7161484,5.698796,5.720501,5.6918454,5.623317209795461
2017-02-04,5.579146,5.563941,5.5861425,5.555804,5.4993170652557755
2017-02-05,5.463864,5.4530644,5.4742866,5.443719,5.3879594689836
2017-02-06,5.3577185,5.3494043,5.3697734,5.347442,5.2943993317843105
2017-02-07,5.2746344,5.268578,5.2867756,5.267547,5.200584975908895
2017-02-08,5.1793404,5.171159,5.190139,5.1761513,5.154253139460361
2017-02-09,5.1661286,5.1639867,5.174415,5.1196957,5.155887042742994
2017-02-10,5.1955886,5.2001767,5.2014856,5.1231904,5.212997252303683
2017-02-11,5.288533,5.3018465,5.2921205,5.1981587,5.385367220700345
2017-02-12,5.5339937,5.5688105,5.534066,5.4100266,5.466354736896515
2017-02-13,5.534684,5.542415,5.5312586,5.50807,5.423562567921511
2017-02-14,5.431148,5.426028,5.4345284,5.436841,5.521081171942611
2017-02-15,5.634872,5.662839,5.637957,5.566435,5.98503354317975
2017-02-16,6.2970557,6.3751063,6.2933106,6.317338,5.963427142603041
2017-02-17,5.859041,5.8569174,5.854573,5.991409,5.831302130334153
2017-02-18,5.7895646,5.7607574,5.809687,5.793857,5.688652608480294
2017-02-19,5.6443524,5.6244073,5.6484356,5.648456,5.57189099749592
2017-02-20,5.5319233,5.5188947,5.536719,5.5441175,5.442126734543212
2017-02-21,5.3981547,5.379473,5.397743,5.416567,5.308513265282588
2017-02-22,5.2643504,5.244681,5.2558885,5.2786794,5.234354781081166
2017-02-23,5.229868,5.2175527,5.2166953,5.2088284,5.164016752862437
2017-02-24,5.1545143,5.14239,5.148817,5.141989,5.081343389490713
2017-02-25,5.0679092,5.051738,5.066097,5.057916,5.010279317903715
2017-02-26,5.0063868,4.9894104,5.0053144,4.9902387,4.981543440601665
2017-02-27,5.0030584,4.9908667,5.0018425,4.9721637,4.9756958294052325
2017-02-28,5.009066,5.0000386,5.0077653,4.976968,4.9255883067156185
2017-03-01,4.931918,4.9160643,4.9302993,4.925063,4.949953437607282
2017-03-02,5.009527,5.0040526,5.009982,4.9556417,4.913179441102239
2017-03-03,4.9235787,4.909499,4.921776,4.9177103,4.951957319930169
2017-03-04,5.021222,5.017915,5.023163,4.969038,5.61716038555897
2017-03-05,6.065754,6.133153,6.0621824,5.969831,5.546808754809039
2017-03-06,5.419051,5.4415054,5.3979807,5.5803003,5.381466205027394
2017-03-07,5.345409,5.314654,5.3700457,5.343371,5.234354781081166
2017-03-08,5.194705,5.1687355,5.19593,5.1974287,5.168863042644372
2017-03-09,5.165187,5.148874,5.166913,5.1560717,5.095316647963379
2017-03-10,5.082808,5.0634723,5.0852695,5.097482,5.110806652327524
2017-03-11,5.1604323,5.155079,5.162572,5.1324105,5.180080543324848
2017-03-12,5.253643,5.258605,5.2535195,5.226705,5.149335350444451
2017-03-13,5.1592464,5.1504927,5.1581326,5.1738505,5.178485726692661
2017-03-14,5.242975,5.2433124,5.2455225,5.205134,5.2206774103804445
2017-03-15,5.2773523,5.2803664,5.272117,5.2617254,5.183262566490902
2017-03-16,5.1923146,5.1843963,5.1871505,5.2068453,5.1090973421443175
2017-03-17,5.1059675,5.0914755,5.1049333,5.1138725,5.107385105216381
2017-03-18,5.1486764,5.1416254,5.1471796,5.126235,5.115917122037485
2017-03-19,5.1523423,5.147295,5.1490245,5.150052,5.364383710154248
2017-03-20,5.55545,5.5917563,5.5541553,5.504825,5.941343576682193
2017-03-21,6.2791986,6.3127127,6.263201,6.4100375,6.320786627181814
2017-03-22,6.4332867,6.4159365,6.422055,6.4437103,6.16097805087107
2017-03-23,5.9868064,5.997245,6.008663,6.089172,6.006182963507376
2017-03-24,5.9591317,5.936674,5.969795,5.916112,5.879952558373766
2017-03-25,5.8245463,5.819749,5.8223014,5.829233,5.814544743894864
2017-03-26,5.798681,5.791608,5.7986226,5.8047223,5.726267589730774
2017-03-27,5.6952796,5.682764,5.6947665,5.7261953,5.64256744383173
2017-03-28,5.6250353,5.6106057,5.627095,5.6394897,5.5974098698165635
2017-03-29,5.605369,5.597185,5.6076536,5.6045256,5.679023552850889
2017-03-30,5.7626057,5.778848,5.763594,5.747659,5.855923173199795
2017-03-31,5.97429,6.004252,5.971012,6.0502644,6.14895529006888
2017-04-01,6.3158216,6.350524,6.31004,6.4635687,6.394402235799455
2017-04-02,6.4819436,6.4926977,6.471932,6.551399,6.4934247775374985
2017-04-03,6.490174,6.490698,6.4898252,6.5359297,6.531267766664852
2017-04-04,6.5157156,6.5215263,6.5153446,6.5388002,6.4629681960414525
2017-04-05,6.386611,6.385925,6.3832717,6.4381886,6.335949678818084
2017-04-06,6.2553573,6.2444715,6.2528696,6.2795525,6.355815926856824
2017-04-07,6.380383,6.3966885,6.378914,6.368894,6.640600875474553
2017-04-08,6.775166,6.8308144,6.777899,6.866015,6.62193338823641
2017-04-09,6.503909,6.488028,6.4888906,6.6412883,6.480485372142056
2017-04-10,6.3913856,6.365874,6.397273,6.399375,6.340953363288808
2017-04-11,6.2710295,6.2615805,6.2713804,6.266567,6.190417370700457
2017-04-12,6.1108174,6.096941,6.1112094,6.130814,6.053858658641907
2017-04-13,5.9978995,5.9782662,6.0004325,6.0088367,5.918761292678645
2017-04-14,5.865507,5.8468504,5.8686857,5.884081,5.788870084026495
2017-04-15,5.744686,5.723366,5.7475486,5.7567244,5.659482740425686
2017-04-16,5.618226,5.5966268,5.619615,5.622045,5.53904845443344
2017-04-17,5.50576,5.4845114,5.503672,5.498105,5.451888487267927
2017-04-18,5.4389133,5.4228926,5.4336557,5.4170017,5.407190055065529
2017-04-19,5.416324,5.4096327,5.4112334,5.387065,5.3683518041671165
2017-04-20,5.3774886,5.3749304,5.374128,5.360192,5.365708158459149
2017-04-21,5.398246,5.4011745,5.395016,5.3686132,5.34700432467267
2017-04-22,5.364292,5.368748,5.3597226,5.34525,5.507390633854106
2017-04-23,5.6308694,5.660783,5.6274114,5.564562,5.498158358823274
2017-04-24,5.4924674,5.505603,5.482144,5.5361977,5.459147770901415
2017-04-25,5.4685445,5.4710093,5.4719887,5.4700966,5.481793896530269
2017-04-26,5.517639,5.5317907,5.512955,5.5167804,5.532348497292913
2017-04-27,5.571587,5.5888777,5.5661125,5.598924,5.9263455242169325
2017-04-28,6.141307,6.195823,6.135459,6.2672005,6.370460825736252
2017-04-29,6.515266,6.5184746,6.493862,6.6293993,6.294992476779099
2017-04-30,6.152482,6.153526,6.1426105,6.254668,6.099364441674679
2017-05-01,5.984333,5.9762564,5.989682,5.9946785,5.956120007371824
2017-05-02,5.8820662,5.881955,5.877609,5.8756623,5.933872667883251
2017-05-03,5.915628,5.9306273,5.9119153,5.91833,5.933872667883251
2017-05-04,5.918288,5.9296474,5.913497,5.9675617,5.831302130334153
2017-05-05,5.765778,5.7629404,5.759638,5.8192625,6.067072979896559
2017-05-06,6.196484,6.251264,6.1959596,6.1995015,7.013034139071998
2017-05-07,7.3526945,7.335685,7.36071,7.33842,7.670701473282422
2017-05-08,7.6507587,7.5145035,7.6146517,7.490386,7.32752732764796
2017-05-09,6.928469,6.918993,6.8751345,7.050495,6.919596319667349
2017-05-10,6.677119,6.6483946,6.6543374,6.691706,6.614367714950097
2017-05-11,6.4425735,6.4337196,6.4265594,6.447245,6.449625956681352
2017-05-12,6.3329816,6.3419967,6.3302054,6.3321185,6.522981106754289
2017-05-13,6.5166287,6.5667706,6.5344167,6.498995,6.911165825806658
2017-05-14,7.0087795,7.061249,7.0383573,7.033342,7.08196700385905
2017-05-15,7.019717,6.9585133,6.992074,7.0376625,7.1509038658438495
2017-05-16,7.06793,7.0440655,7.0711317,7.022787,6.899813456751624
2017-05-17,6.702389,6.6702437,6.6724234,6.7491655,6.629442251646466
2017-05-18,6.47283,6.447977,6.467976,6.479304,6.408496693458379
2017-05-19,6.279567,6.274749,6.282914,6.2881975,6.257725013997713
2017-05-20,6.161698,6.167113,6.1682034,6.1788816,6.067072979896559
2017-05-21,5.9532843,5.950413,5.9573126,6.001421,5.855923173199795
2017-05-22,5.746321,5.734172,5.752667,5.78245,5.744557468110323
2017-05-23,5.6945825,5.69463,5.7018046,5.687277,5.645573363343358
2017-05-24,5.5994596,5.6040196,5.5984163,5.609341,5.577261398171029
2017-05-25,5.554132,5.559625,5.55101,5.55777,5.753578473030797
2017-05-26,5.848386,5.8999243,5.8481293,5.828601,6.284485592947207
2017-05-27,6.4904027,6.559208,6.4981194,6.6278114,6.9471954583647895
2017-05-28,7.085297,7.0702467,7.1042156,7.06487,6.974053298031007
2017-05-29,6.7989817,6.7627354,6.7653723,6.8517656,6.636895151984886
2017-05-30,6.3917885,6.3910084,6.391119,6.464355,6.4934247775374985
2017-05-31,6.3818407,6.3992167,6.393462,6.361645,6.6105633046974255
2017-06-01,6.585208,6.6500454,6.607698,6.5901637,6.535385487298461
2017-06-02,6.4110365,6.400031,6.3988132,6.5012593,6.305390112861966
2017-06-03,6.1471906,6.13306,6.140556,6.1923757,6.080114957790396
2017-06-04,5.947284,5.9399114,5.946244,5.9690104,5.879952558373766
2017-06-05,5.764292,5.761339,5.7675896,5.796451,5.716995656598056
2017-06-06,5.6253185,5.623947,5.6362553,5.6543655,5.6068140186265385
2017-06-07,5.5460057,5.5505676,5.5560336,5.5670085,5.490009601756533
2017-06-08,5.4302697,5.4336224,5.435089,5.4569993,5.4008208620904465
2017-06-09,5.3602653,5.3651385,5.3616686,5.3662205,5.344303560011479
2017-06-10,5.319851,5.3301125,5.316902,5.306608,5.262629150222167
2017-06-11,5.227249,5.2357397,5.2212424,5.2136374,5.200584975908895
2017-06-12,5.17625,5.1857424,5.172923,5.1567626,5.105669931503958
2017-06-13,5.0660715,5.0734982,5.065027,5.071464,5.028987836102719
2017-06-14,4.998637,5.0052123,5.000523,5.00033,4.951957319930169
2017-06-15,4.920694,4.9268928,4.9229116,4.9235797,4.883612198171094
2017-06-16,4.856269,4.8618855,4.8584194,4.8583875,4.814853775294095
2017-06-17,4.7873716,4.792382,4.790123,4.793756,4.75330046951629
2017-06-18,4.7287493,4.733411,4.7323728,4.735413,4.763020337414219
2017-06-19,4.765597,4.7743683,4.767145,4.7609844,5.205257652583178
2017-06-20,5.3619523,5.402531,5.351739,5.3664756,5.603689118510869
2017-06-21,5.7065635,5.7138186,5.6927137,5.847833,5.300068831875174
2017-06-22,5.1475096,5.1688533,5.1527166,5.2283688,5.152616562168123
2017-06-23,5.065521,5.0810475,5.0800457,5.06958,5.06180567168782
2017-06-24,4.9997373,5.0091233,5.0010457,5.019536,5.010279317903715
2017-06-25,4.9643507,4.97131,4.96414,4.999622,4.98542293707804
2017-06-26,4.953975,4.9614005,4.9582524,4.989663,5.305706369858796
2017-06-27,5.4007735,5.4345946,5.392152,5.4205794,5.4147799222067725
2017-06-28,5.409953,5.416029,5.399425,5.4914856,5.1377655752009375
2017-06-29,4.997719,5.008893,5.0096884,5.0746565,4.949953437607282
2017-06-30,4.851845,4.852721,4.865777,4.874358,4.784550648839568
2017-07-01,4.6969194,4.692276,4.708838,4.729993,4.705795273984868
2017-07-02,4.655248,4.649597,4.6606135,4.675915,4.715985628017604
2017-07-03,4.7040725,4.7051387,4.7027125,4.7174635,4.658608236024619
2017-07-04,4.6257577,4.6268144,4.6258593,4.6579037,4.565853355526538
2017-07-05,4.522421,4.52299,4.5245857,4.5473104,4.520669228641858
2017-07-06,4.493928,4.495625,4.4933815,4.5058413,4.947945531675844
2017-07-07,5.081369,5.1178017,5.05733,5.077797,5.590033895486897
2017-07-08,5.751418,5.7623777,5.7297544,5.8291764,5.41099218937927
2017-07-09,5.283305,5.294921,5.273455,5.3205757,5.508538698129739
2017-07-10,5.476395,5.5159287,5.485076,5.4302254,5.312708890986698
2017-07-11,5.1789937,5.1897826,5.181992,5.240586,5.076052665475794
2017-07-12,4.938642,4.941937,4.9499054,4.9788136,4.885753382338365
2017-07-13,4.777645,4.771184,4.7888565,4.807353,4.772646638210505
2017-07-14,4.700447,4.6919575,4.706181,4.7246757,4.755739307939539
2017-07-15,4.7266397,4.7243495,4.726156,4.742985,4.8728369625752395
2017-07-16,4.8969264,4.909703,4.886591,4.910274,4.685097643177592
2017-07-17,4.597005,4.600436,4.6023827,4.666377,4.542009454694139
2017-07-18,4.4744616,4.4700146,4.478426,4.501428,4.594880318502916
2017-07-19,4.5982428,4.602975,4.592719,4.5951085,4.53898859154019
2017-07-20,4.504386,4.5077085,4.5067806,4.5483623,4.416858966737203
2017-07-21,4.3624153,4.362419,4.368842,4.4063005,4.3569885661516805
2017-07-22,4.323593,4.322571,4.327565,4.34846,4.4668641401373925
2017-07-23,4.4922276,4.5022864,4.485241,4.4985685,4.59201524535181
2017-07-24,4.6225004,4.638659,4.6124797,4.653192,4.987357055939646
2017-07-25,5.0950522,5.1338124,5.077157,5.150189,4.758172212897761
2017-07-26,4.653107,4.6698656,4.6547213,4.741122,4.7963146194037565
2017-07-27,4.777808,4.805047,4.779862,4.7661505,4.6692883480511655
2017-07-28,4.593232,4.602996,4.6007032,4.6577373,4.917332862038511
2017-07-29,4.9724717,5.005864,4.9619246,4.9939184,6.154984738708317
2017-07-30,6.445696,6.4382153,6.4465075,6.469327,6.235788675235214
2017-07-31,6.0589786,6.030272,6.02166,6.0536656,6.166935657133506
2017-08-01,5.964325,5.980078,5.980298,5.956781,6.335949678818084
2017-08-02,6.239492,6.2861586,6.2517643,6.1663947,5.963427142603041
2017-08-03,5.680816,5.6836967,5.663806,5.7884126,5.679023552850889
2017-08-04,5.487297,5.468152,5.4749684,5.5023465,5.506241250011801
2017-08-05,5.3841205,5.3765273,5.380017,5.371669,5.341595481462987
2017-08-06,5.2286134,5.2169347,5.2226086,5.244707,5.4033734093345425
2017-08-07,5.402908,5.417061,5.390058,5.3660083,5.788870084026495
2017-08-08,5.894241,5.95306,5.883401,5.9128027,5.444576120857822
2017-08-09,5.206214,5.225268,5.192864,5.3502865,5.2508214433609055
2017-08-10,5.1615443,5.1138124,5.135245,5.122046,5.241873257730278
2017-08-11,5.214759,5.2244873,5.2127037,5.1931496,5.238872646955522
2017-08-12,5.2018247,5.2152414,5.189482,5.243645,5.4470195223353075
2017-08-13,5.507758,5.546282,5.495312,5.5305233,5.561062890314656
2017-08-14,5.538303,5.569996,5.532467,5.6337376,5.304299962109344
2017-08-15,5.1355643,5.1451936,5.1312885,5.2247114,5.168863042644372
2017-08-16,5.0999994,5.081152,5.0863967,5.088029,5.06180567168782
2017-08-17,4.986435,4.991512,4.9926143,5.028454,4.906916784024504
2017-08-18,4.8183503,4.812512,4.8213406,4.8879743,4.812555089987538
2017-08-19,4.763126,4.754441,4.767061,4.8104005,4.977648834997549
2017-08-20,5.0433292,5.0710063,5.0481534,5.0756264,4.7892728569254395
2017-08-21,4.6672716,4.6914363,4.691008,4.803623,4.671940648123228
2017-08-22,4.629043,4.6110415,4.629866,4.650404,4.583370442297205
2017-08-23,4.5332174,4.5342712,4.560357,4.5806375,4.523745856265151
2017-08-24,4.4926214,4.489938,4.512313,4.5364933,4.443839190361393
2017-08-25,4.4042273,4.403407,4.429699,4.453455,4.437162070748989
2017-08-26,4.4345455,4.4352922,4.452232,4.454641,4.38560983804614
2017-08-27,4.359346,4.364845,4.379114,4.3983006,4.34236475948822
2017-08-28,4.326184,4.3276567,4.3495026,4.3481207,4.301010374750772
2017-08-29,4.2841964,4.287076,4.310062,4.312406,4.323779037937537
2017-08-30,4.33448,4.3409185,4.357272,4.3546634,4.38560983804614
2017-08-31,4.4086657,4.42302,4.434554,4.4379463,4.382076658318678
2017-09-01,4.376947,4.3912463,4.4012966,4.4295607,4.346040808948029
2017-09-02,4.330229,4.341055,4.3520975,4.3794727,4.406550711759528
2017-09-03,4.428299,4.4436245,4.4463544,4.4555416,4.392638966522366
2017-09-04,4.3773766,4.391867,4.3968697,4.436759,4.312459506447372
2017-09-05,4.276325,4.283701,4.295019,4.334512,4.245776366663184
2017-09-06,4.217149,4.2194095,4.240187,4.263416,4.718517073278009
2017-09-07,4.9076757,4.952951,4.9141145,4.9213877,4.989287441205538
2017-09-08,5.032466,5.0606194,5.0428405,5.180299,4.898505093388176
2017-09-09,4.8107915,4.8369384,4.8184237,4.8911324,4.7963146194037565
2017-09-10,4.729191,4.7413507,4.737528,4.753352,4.625865966592707
2017-09-11,4.523785,4.5289264,4.5409045,4.586091,4.4733464838186725
2017-09-12,4.393286,4.3825455,4.405655,4.437791,4.38560983804614
2017-09-13,4.3388767,4.3281455,4.352913,4.370473,4.289428640791545
2017-09-14,4.240059,4.2308464,4.2564526,4.2874393,4.269822588919793
2017-09-15,4.2655354,4.2573223,4.275342,4.2800922,4.225286488868932
2017-09-16,4.206358,4.2048655,4.220686,4.229678,4.17867409545114
2017-09-17,4.16765,4.163271,4.1764,4.1793394,4.143355242337692
2017-09-18,4.1377172,4.135788,4.149264,4.1498427,4.02418462405769
2017-09-19,3.9837635,3.9777727,3.9966912,4.024119,4.034258679057268
2017-09-20,4.05528,4.0496225,4.0619254,4.0533705,4.029234337326852
2017-09-21,4.0374556,4.0391803,4.050395,4.060815,4.054107347795743
2017-09-22,4.0817223,4.0861917,4.0900426,4.089607,4.0973767833442185
2017-09-23,4.1304445,4.1405163,4.1404696,4.141327,3.998546331086231
2017-09-24,3.974523,3.9789903,3.9845176,4.020158,3.928637221844579
2017-09-25,3.920277,3.9197793,3.928084,3.9452057,3.822986691244182
2017-09-26,3.7974734,3.7916832,3.8082016,3.841446,3.7721922681106697
2017-09-27,3.7707627,3.7633588,3.7798934,3.7990732,3.8167767048711787
2017-09-28,3.8531582,3.853395,3.8654287,3.8633394,3.7390835600630576
2017-09-29,3.7343452,3.7307057,3.7450643,3.7747855,3.647490567207218
2017-09-30,3.6410084,3.6365128,3.6500347,3.67388,3.6693842234961562
2017-10-01,3.7014508,3.702596,3.7142622,3.7057726,3.6693842234961562
2017-10-02,3.697256,3.6983042,3.7102513,3.7107835,3.617532840760075
2017-10-03,3.6312838,3.6331127,3.6421442,3.6532707,3.5944604786690078
2017-10-04,3.6169717,3.6217215,3.6275887,3.6299157,3.6326238829606114
2017-10-05,3.6755548,3.684226,3.6858191,3.6762052,3.6099010491066674
2017-10-06,3.6361158,3.641986,3.6437938,3.6503634,3.7186790565025456
2017-10-07,3.786292,3.804928,3.8019705,3.7735763,3.662139466934624
2017-10-08,3.6790986,3.6847496,3.6834996,3.7035804,3.654841840613989
2017-10-09,3.6838436,3.7002578,3.69268,3.6914186,3.853471008071346
2017-10-10,3.9481199,3.9711397,3.966319,3.928885,3.9561067274920676
2017-10-11,4.019478,4.029403,4.02604,4.035986,4.161170588463766
2017-10-12,4.257304,4.2828817,4.272823,4.255886,4.4668641401373925
2017-10-13,4.5862865,4.6016674,4.601244,4.6130767,4.502007994076144
2017-10-14,4.4979887,4.5090704,4.497522,4.5591693,4.6639625500692405
2017-10-15,4.7205467,4.753173,4.7355614,4.729255,4.690312350981225
2017-10-16,4.665328,4.677763,4.671635,4.7376075,4.5804721538899145
2017-10-17,4.508316,4.5195675,4.5149865,4.5660496,4.457061148120762
2017-10-18,4.395899,4.396551,4.403414,4.4273343,4.353352614550293
2017-10-19,4.3042316,4.300933,4.3122587,4.333618,4.2335328882383845
2017-10-20,4.1800647,4.1717052,4.18913,4.219739,4.078376676627675
2017-10-21,4.014676,3.9986925,4.02265,4.0624638,4.039257902926004
2017-10-22,4.040971,4.0276146,4.0461984,4.0381846,3.998546331086231
2017-10-23,3.9929032,3.9869704,4.0035267,4.0053616,3.888866362811558
2017-10-24,3.8617282,3.8492696,3.8651729,3.8846989,4.014008048803438
2017-10-25,4.104958,4.1147857,4.10997,4.046147,4.204367978034394
2017-10-26,4.310197,4.331441,4.324911,4.2905807,4.1743268572696
2017-10-27,4.183033,4.1922297,4.187998,4.2238216,4.22113764702594
2017-10-28,4.280353,4.2979274,4.2870994,4.2662153,4.249824439481782
2017-10-29,4.2811327,4.296422,4.2921953,4.3026414,4.249824439481782
2017-10-30,4.272223,4.2842617,4.282451,4.2951326,4.777425260524791
2017-10-31,5.06431,5.1102295,5.0916743,5.02381,6.16097805087107
2017-11-01,6.6756682,6.495517,6.721298,6.47004,6.449625956681352
2017-11-02,6.1656,6.1789103,6.172353,6.186808,5.970681270705086
2017-11-03,5.5284266,5.6089883,5.597288,5.7434587,5.607853485759043
2017-11-04,5.4460373,5.3434515,5.437132,5.417372,5.345654854108017
2017-11-05,5.19775,5.191624,5.2283587,5.2048225,5.247847602621749
2017-11-06,5.2211637,5.2214947,5.2298064,5.1728606,5.131093673790522
2017-11-07,5.074462,5.0790687,5.0988593,5.0956388,5.155887042742994
2017-11-08,5.215503,5.2278175,5.224443,5.159832,5.395696137559714
2017-11-09,5.5548105,5.612613,5.567288,5.4952717,5.297238099728271
2017-11-10,5.199219,5.2019835,5.202081,5.28654,5.569734735582687
2017-11-11,5.8127985,5.8486123,5.8004932,5.6971684,5.649567252152802
2017-11-12,5.5994244,5.637644,5.612513,5.761914,5.496998308232542
2017-11-13,5.413813,5.374579,5.403966,5.44851,5.373618220926082
2017-11-14,5.345455,5.3179016,5.3476195,5.314786,5.232844278574145
2017-11-15,5.1684203,5.163742,5.179312,5.19618,5.058211980634923
2017-11-16,4.9914064,4.968774,4.99899,5.019955,4.973739002117062
2017-11-17,4.9701886,4.962818,4.981602,4.9526987,4.971778338146906
2017-11-18,5.0043883,5.018909,5.0187054,4.984795,4.885753382338365
2017-11-19,4.862571,4.8581786,4.8740096,4.8814297,4.782181156166995
2017-11-20,4.7717953,4.753586,4.78165,4.758911,4.848714650423074
2017-11-21,4.9395466,4.9563975,4.953962,4.8678536,5.115917122037485
2017-11-22,5.3027472,5.3557677,5.3165216,5.251995,5.063597685807692
2017-11-23,5.0217843,5.021307,5.025653,5.114655,4.9638970126178625
2017-11-24,4.9712873,4.9393725,4.9779944,4.959179,4.883612198171094
2017-11-25,4.8747745,4.8695335,4.8987427,4.879392,4.819435354518438
2017-11-26,4.8225822,4.812343,4.843367,4.823847,4.7678450709760165
2017-11-27,4.777373,4.772215,4.8001933,4.7767396,4.7134477582754295
2017-11-28,4.7221885,4.7155952,4.7356796,4.719161,4.6745859321042955
2017-11-29,4.6955376,4.68971,4.7014446,4.6836405,4.634152586522667
2017-11-30,4.652049,4.6462326,4.6666603,4.6482873,4.5804721538899145
2017-12-01,4.5925884,4.5832715,4.6130376,4.5951805,4.5480239412298635
2017-12-02,4.5739813,4.567578,4.5959387,4.565484,4.523745856265151
2017-12-03,4.5507493,4.54653,4.5738907,4.5454307,4.49254514037945
2017-12-04,4.516471,4.5107713,4.538837,4.515678,4.447161105278288
2017-12-05,4.4631405,4.455847,4.4855413,4.4682484,4.447161105278288
2017-12-06,4.490084,4.4898686,4.512074,4.471463,4.453772011925485
2017-12-07,4.4944696,4.4963403,4.5154457,4.4807997,4.416858966737203
2017-12-08,4.435288,4.4306536,4.454228,4.4389486,4.443839190361393
2017-12-09,4.5022035,4.5086665,4.5205927,4.4708576,4.470110564566286
2017-12-10,4.518218,4.5243206,4.5379066,4.504301,4.427062044862174
2017-12-11,4.4403424,4.4364705,4.4587836,4.4541054,4.323779037937537
2017-12-12,4.306212,4.2953815,4.324268,4.3408875,4.323779037937537
2017-12-13,4.3630624,4.3656993,4.385426,4.349187,4.312459506447372
2017-12-14,4.3338013,4.333762,4.35708,4.3442144,4.245776366663184
2017-12-15,4.244398,4.237292,4.264451,4.27226,4.245776366663184
2017-12-16,4.281795,4.2860146,4.3046045,4.2759876,4.229418188917393
2017-12-17,4.249691,4.2498517,4.2714267,4.262192,4.187312283880188
2017-12-18,4.1983747,4.1965666,4.218089,4.21683,4.1916035564231855
2017-12-19,4.2264843,4.232645,4.24625,4.2239285,4.195876492604451
2017-12-20,4.227502,4.2323327,4.245083,4.2314067,4.187312283880188
2017-12-21,4.2144604,4.219213,4.2328568,4.2222357,4.165575271353882
2017-12-22,4.1851683,4.1891046,4.2029295,4.1989655,4.152302588195782
2017-12-23,4.175342,4.1808667,4.193386,4.18643,4.17867409545114
2017-12-24,4.221265,4.2322474,4.2411184,4.218672,4.265854825191188
2017-12-25,4.3407183,4.3595243,4.363323,4.3186703,4.301010374750772
2017-12-26,4.3478155,4.356824,4.3664446,4.3517547,4.34236475948822
2017-12-27,4.3976603,4.412953,4.419067,4.3897705,4.38560983804614
2017-12-28,4.438134,4.451267,4.4586244,4.4334598,4.3086576753693455
2017-12-29,4.2946935,4.2926664,4.3104277,4.337245,4.34236475948822
2017-12-30,4.3938255,4.4110365,4.417275,4.376764,4.249824439481782
2017-12-31,4.219496,4.211326,4.23398,4.2754145,3.928637221844579
2018-01-01,3.78467,3.7613585,3.7921505,3.9317083,3.8474480351791676
2018-01-02,3.8065863,3.7921295,3.8212533,3.8597116,3.83529215601539
2018-01-03,3.8193536,3.80801,3.837431,3.8662038,3.8830534563987587
2018-01-04,3.912106,3.919979,3.93367,3.927155,3.988104087792611
2018-01-05,4.056397,4.075079,4.079934,4.043486,3.578777753116364
2018-01-06,3.4144917,3.398929,3.398594,3.594842,3.647490567207218
2018-01-07,3.659791,3.6965032,3.678952,3.6729019,3.928637221844579
2018-01-08,4.0565953,4.0830884,4.0848994,4.0007524,4.014008048803438
2018-01-09,4.082486,4.0886817,4.093812,4.086816,4.0973767833442185
2018-01-10,4.1725607,4.2017365,4.19462,4.1586514,4.039257902926004
2018-01-11,4.04052,4.0481305,4.046104,4.079961,4.073569702271442
2018-01-12,4.1145353,4.1432233,4.13535,4.1155796,4.2335328882383845
2018-01-13,4.3344164,4.3611073,4.356447,4.3019137,5.107385105216381
2018-01-14,5.5929713,5.5982575,5.6374164,5.4778147,5.735454343294124
2018-01-15,5.95555,5.8610816,5.952186,6.0188513,5.645573363343358
2018-01-16,5.4635186,5.481829,5.508249,5.5840254,5.788870084026495
2018-01-17,5.8811283,5.940144,5.928434,5.8272123,5.716995656598056
2018-01-18,5.613952,5.610842,5.6312113,5.730885,5.648570274374878
2018-01-19,5.605243,5.615814,5.626193,5.6181083,5.377549911813787
2018-01-20,5.2253113,5.2062182,5.2397256,5.3096323,5.3028915735910385
2018-01-21,5.3037953,5.3108163,5.314671,5.2556944,5.256742724432961
2018-01-22,5.249986,5.251626,5.2614875,5.2535577,5.1377655752009375
2018-01-23,5.089872,5.0773864,5.1006427,5.123786,5.102230733307526
2018-01-24,5.1245327,5.126528,5.135475,5.0944166,5.659482740425686
2018-01-25,6.065457,6.168785,6.0638638,5.9920845,5.879952558373766
2018-01-26,5.9211416,5.8976555,5.902603,6.080289,5.70763694953174
2018-01-27,5.598516,5.571492,5.6089954,5.660896,5.509685445865117
2018-01-28,5.4474564,5.41238,5.4583187,5.436761,5.381466205027394
2018-01-29,5.341805,5.329174,5.347692,5.3403106,5.311312304092011
2018-01-30,5.3003316,5.297586,5.308157,5.3044925,5.258217582504335
2018-01-31,5.257398,5.2578254,5.2657976,5.270123,5.206810372058329
2018-02-01,5.2096205,5.208844,5.2183104,5.2188125,5.147690698349585
2018-02-02,5.1480184,5.1437073,5.157717,5.147999,5.102230733307526
2018-02-03,5.1135044,5.1098595,5.1244016,5.095612,5.074282852076003
2018-02-04,5.0955877,5.0932603,5.105027,5.0732436,5.1210016075818166
2018-02-05,5.1909423,5.202302,5.199728,5.1444664,5.374930502881937
2018-02-06,5.5735726,5.6261816,5.5815697,5.503928,5.3563999701033
2018-02-07,5.3421683,5.3342705,5.3447413,5.4085817,5.382768235197599
2018-02-08,5.4554806,5.4650173,5.4703913,5.4101963,5.70763694953174
2018-02-09,5.948489,6.0180526,5.955799,5.929254,5.9263455242169325
2018-02-10,6.0156264,6.0196385,6.012675,6.129639,6.111994608039373
2018-02-11,6.212414,6.2304053,6.2189884,6.2618394,6.330920831529513
2018-02-12,6.4331822,6.458312,6.434175,6.487057,6.535385487298461
2018-02-13,6.591551,6.6007533,6.594327,6.632316,6.755769447871893
2018-02-14,6.8117075,6.81995,6.813445,6.8096733,6.7324236267339534
2018-02-15,6.615031,6.593267,6.616028,6.6658297,6.571701302643656
2018-02-16,6.4502664,6.4262457,6.4529295,6.460632,6.394402235799455
2018-02-17,6.3070135,6.2800136,6.306785,6.2879963,6.5061988912206985
2018-02-18,6.607991,6.6631446,6.609434,6.5359707,6.797730962813206
2018-02-19,6.928156,6.9545135,6.931827,7.063372,6.765610331075837
2018-02-20,6.6359453,6.599409,6.6375217,6.72017,6.647971378004586
2018-02-21,6.5789757,6.552674,6.5926228,6.55802,6.5104209228868735
2018-02-22,6.4459677,6.4252076,6.446309,6.4291487,6.389659589601394
2018-02-23,6.3346357,6.3179026,6.337227,6.3258505,6.294992476779099
2018-02-24,6.2676144,6.2545896,6.272393,6.2550716,6.284485592947207
2018-02-25,6.310194,6.3173904,6.317533,6.294051,6.330920831529513
2018-02-26,6.375672,6.390256,6.383861,6.399426,6.698097648143626
2018-02-27,6.934905,7.0175686,6.9472013,7.024461,7.020651228158079
2018-02-28,7.091606,7.0711193,7.095781,7.1178455,6.873789382602449
2018-03-01,6.667927,6.6558266,6.6888323,6.7545786,6.647971378004586
2018-03-02,6.5422077,6.505835,6.554957,6.511251,6.4761347613637525
2018-03-03,6.407741,6.392589,6.411502,6.374324,6.5104209228868735
2018-03-04,6.5578594,6.594164,6.5658555,6.504737,6.403820578854716
2018-03-05,6.320192,6.30987,6.325734,6.3880234,6.257725013997713
2018-03-06,6.2026134,6.176667,6.2172685,6.198108,6.092989029970153
2018-03-07,6.035928,6.0103836,6.0449333,6.0287366,5.98503354317975
2018-03-08,5.965678,5.948101,5.975172,5.930417,5.903418055581555
2018-03-09,5.893261,5.8828764,5.899094,5.866039,5.831302130334153
2018-03-10,5.825971,5.8168564,5.8319893,5.8075223,5.753578473030797
2018-03-11,5.7458005,5.735709,5.7497916,5.729954,5.659482740425686
2018-03-12,5.6426973,5.629264,5.644241,5.6225758,5.544597664439592
2018-03-13,5.516999,5.4986916,5.516483,5.49695,5.459147770901415
2018-03-14,5.45364,5.4374666,5.4516063,5.4110184,5.396979782932325
2018-03-15,5.400356,5.3890896,5.3985353,5.3585777,5.327943978752958
2018-03-16,5.325696,5.3125587,5.324034,5.294896,5.265559420149254
2018-03-17,5.2708235,5.256707,5.2672915,5.232228,5.226779348448368
2018-03-18,5.2459493,5.2349095,5.238389,5.1944175,5.170473267358792
2018-03-19,5.1757145,5.1622615,5.166681,5.1405554,5.102230733307526
2018-03-20,5.103948,5.086245,5.0978785,5.074783,5.126060371857187
2018-03-21,5.1863437,5.181074,5.18165,5.111425,5.226779348448368
2018-03-22,5.322885,5.333752,5.316593,5.236567,5.246357359265461
2018-03-23,5.2864547,5.286428,5.279725,5.25934,5.292976920105729
2018-03-24,5.365168,5.3697753,5.3630533,5.3099146,5.345654854108017
2018-03-25,5.4084206,5.416612,5.400352,5.3650794,5.517676068933052
2018-03-26,5.653863,5.680376,5.645865,5.5719347,5.669300876297688
2018-03-27,5.7626386,5.7817593,5.7467456,5.7608976,5.780163258428669
2018-03-28,5.8521075,5.8677025,5.8462057,5.8877325,5.863997295331724
2018-03-29,5.9171596,5.9328537,5.91309,5.9770174,5.911119100707034
2018-03-30,5.938884,5.950592,5.936545,6.0018334,6.11825037016893
2018-03-31,6.24685,6.2823367,6.243662,6.336712,6.4629681960414525
2018-04-01,6.609764,6.634031,6.5998664,6.725156,6.48913021870826
2018-04-02,6.397781,6.3848495,6.390677,6.494966,6.325866567062948
2018-04-03,6.216043,6.1962337,6.2191367,6.247196,6.235788675235214
2018-04-04,6.205338,6.1995077,6.2005396,6.1760173,6.44063119535574
2018-04-05,6.559442,6.614201,6.556422,6.590398,6.850074249028339
2018-04-06,6.9950686,7.008916,6.989873,7.0989985,6.768869221838052
2018-04-07,6.572008,6.552512,6.5514054,6.696596,6.539486321817393
2018-04-08,6.406122,6.3697023,6.407068,6.406068,6.310548668370346
2018-04-09,6.198065,6.173883,6.1953163,6.1951895,6.11825037016893
2018-04-10,6.025565,6.0003686,6.0223217,6.0337696,5.992133165900611
2018-04-11,5.9480724,5.926298,5.9468455,5.942298,5.8720067478175615
2018-04-12,5.826026,5.8073664,5.8257895,5.8453584,5.771379957675647
2018-04-13,5.746202,5.7264404,5.7468767,5.7485747,5.659482740425686
2018-04-14,5.62671,5.608161,5.627683,5.6270843,5.570813447722371
2018-04-15,5.55801,5.540667,5.5590672,5.54142,5.488840054022952
2018-04-16,5.476275,5.4634223,5.4764776,5.469684,6.224637375342404
2018-04-17,6.6875486,6.769564,6.68304,6.6974287,7.0357135252333425
2018-04-18,7.267705,7.212619,7.237461,7.241604,7.637134658905524
2018-04-19,7.653495,7.5626974,7.670236,7.4742575,7.30112828931039
2018-04-20,6.884918,6.9294963,6.841548,7.039543,6.919596319667349
2018-04-21,6.700887,6.6723013,6.6828547,6.7025323,6.658926264004006
2018-04-22,6.513328,6.515097,6.509547,6.511323,6.449625956681352
2018-04-23,6.3121796,6.3150806,6.3103337,6.3473506,6.235788675235214
2018-04-24,6.1123195,6.1019373,6.115182,6.1565824,6.105699464862291
2018-04-25,6.0433,6.0398436,6.054344,6.052641,6.111994608039373
2018-04-26,6.123532,6.145667,6.1323156,6.1126637,6.172857980421892
2018-04-27,6.200186,6.2244596,6.2022395,6.2285748,6.422395255229056
2018-04-28,6.5442038,6.599792,6.5543194,6.64227,6.563744328248276
2018-04-29,6.5704775,6.583062,6.5601187,6.7226486,6.445138689200867
2018-04-30,6.3348994,6.3312917,6.335302,6.425969,6.320786627181814
2018-05-01,6.2569904,6.253877,6.2619476,6.2649865,6.154984738708317
2018-05-02,6.0619154,6.0603538,6.055768,6.094675,6.006182963507376
2018-05-03,5.9364986,5.926467,5.931769,5.94176,5.903418055581555
2018-05-04,5.8609796,5.8588796,5.855771,5.857719,5.814544743894864
2018-05-05,5.7781096,5.7778535,5.7748013,5.7876024,5.716995656598056
2018-05-06,5.6797075,5.6766953,5.6778893,5.69332,5.649567252152802
2018-05-07,5.6332316,5.6343102,5.6318564,5.6333294,5.735454343294124
2018-05-08,5.7987137,5.829072,5.797773,5.790616,6.394402235799455
2018-05-09,6.7047715,6.786167,6.7144775,6.852442,6.514625203919139
2018-05-10,6.4364777,6.4254637,6.3964972,6.5132127,6.289752834125661
2018-05-11,6.1269097,6.120471,6.138808,6.1987066,6.105699464862291
2018-05-12,6.0157757,6.0090976,6.0188456,6.004112,5.918761292678645
2018-05-13,5.8132234,5.815357,5.8111887,5.843816,5.822958537953851
2018-05-14,5.774233,5.777774,5.773344,5.777278,5.831302130334153
2018-05-15,5.8309574,5.8539925,5.82375,5.8229914,6.522981106754289
2018-05-16,6.818158,6.911684,6.8316116,6.8852887,7.256185962928021
2018-05-17,7.370326,7.295064,7.3563576,7.256347,7.385372706491752
2018-05-18,7.192569,7.117524,7.1588407,7.190134,7.6150450874482605
2018-05-19,7.507597,7.513148,7.5400257,7.3756638,7.958927019366644
2018-05-20,7.8440704,7.774313,7.8596277,7.711301,8.035128730997727
2018-05-21,7.8076305,7.6760454,7.762847,7.7427382,7.827987277073351
2018-05-22,7.5578165,7.4833384,7.5212555,7.5362577,7.435052946392204
2018-05-23,7.1674356,7.124393,7.133455,7.1977186,7.200713540686368
2018-05-24,7.026473,7.022241,7.024603,7.0166097,7.161945084905505
2018-05-25,7.058579,7.0800304,7.078107,7.0296974,6.867913116216592
2018-05-26,6.6648526,6.624715,6.625704,6.740611,6.618157706502724
2018-05-27,6.4651895,6.451584,6.475789,6.4869766,6.4361032919793
2018-05-28,6.314006,6.327288,6.331814,6.3401356,6.394402235799455
2018-05-29,6.333367,6.3729725,6.3554263,6.3540215,6.394402235799455
2018-05-30,6.3445406,6.382753,6.361753,6.4028316,6.518811882950348
2018-05-31,6.522567,6.577943,6.549514,6.573515,6.330920831529513
2018-06-01,6.1863,6.184535,6.173693,6.2927194,6.458540532984997
2018-06-02,6.489693,6.5534015,6.531551,6.452925,6.81029579110753
2018-06-03,6.872766,6.940813,6.8986425,6.9685125,7.426661567798983
2018-06-04,7.4997425,7.497036,7.559286,7.477018,8.18001905628765
2018-06-05,8.150063,8.048156,8.209286,8.048557,8.340907771386835
2018-06-06,8.078584,7.920311,8.014879,8.063525,7.559064592050899
2018-06-07,7.1217136,7.1157722,7.050777,7.2939644,7.130717161561341
2018-06-08,6.8915615,6.888582,6.8845744,6.9197707,6.825783018010736
2018-06-09,6.643454,6.657527,6.652452,6.6799536,6.5835192964544476
2018-06-10,6.418994,6.4320264,6.4254436,6.478441,6.408496693458379
2018-06-11,6.2769833,6.3044543,6.297716,6.331027,6.449625956681352
2018-06-12,6.4077106,6.483535,6.447808,6.430406,6.9526250438902375
2018-06-13,7.05299,7.1771755,7.1257935,7.099612,7.110114543914422
2018-06-14,7.015443,6.9677095,6.9833107,7.107452,6.919596319667349
2018-06-15,6.7295403,6.707454,6.719845,6.7976336,6.647971378004586
2018-06-16,6.471654,6.472327,6.475268,6.5062056,6.449625956681352
2018-06-17,6.313995,6.335891,6.320834,6.3281803,6.230228569144433
2018-06-18,6.087192,6.10229,6.092845,6.1271653,6.040467378094604
2018-06-19,5.9199004,5.9328094,5.9342527,5.9448442,5.933872667883251
2018-06-20,5.855064,5.8811083,5.873377,5.8571634,5.863997295331724
2018-06-21,5.8032675,5.8314695,5.815283,5.821233,5.8720067478175615
2018-06-22,5.8482246,5.8851066,5.861714,5.872219,6.279190460966714
2018-06-23,6.4017053,6.501716,6.4433184,6.4940643,6.974053298031007
2018-06-24,7.089773,7.1126995,7.1460686,7.177539,7.658746808252332
2018-06-25,7.623352,7.5629025,7.681816,7.562257,7.407948865408451
2018-06-26,7.079103,7.016163,7.0076094,7.168602,7.005358584316711
2018-06-27,6.719052,6.7121744,6.7257447,6.7823,6.669762439759035
2018-06-28,6.4557877,6.463877,6.4631214,6.4953327,6.422395255229056
2018-06-29,6.250541,6.267423,6.2603707,6.2824936,6.252285876928387
2018-06-30,6.116239,6.1395555,6.131431,6.137912,6.201954641428859
2018-07-01,6.1181245,6.1595736,6.1377215,6.114008,6.111994608039373
2018-07-02,6.0132036,6.036755,6.017123,6.0311246,5.918761292678645
2018-07-03,5.790586,5.7952147,5.7923017,5.847949,5.70763694953174
2018-07-04,5.587531,5.586037,5.601244,5.6452656,5.6202435359803165
2018-07-05,5.561392,5.576173,5.5819798,5.5839686,5.549014967041881
2018-07-06,5.495077,5.5138907,5.50754,5.5382466,5.688652608480294
2018-07-07,5.725999,5.774909,5.7436438,5.7392335,5.822958537953851
2018-07-08,5.830965,5.8721128,5.8430557,5.8814197,5.716995656598056
2018-07-09,5.6241956,5.6398,5.626125,5.6831393,5.649567252152802
2018-07-10,5.588926,5.60579,5.595783,5.612379,5.544597664439592
2018-07-11,5.4648533,5.4821796,5.467967,5.5211554,5.399542140991772
2018-07-12,5.309801,5.317703,5.315506,5.3712006,5.241873257730278
2018-07-13,5.1542177,5.156143,5.1645546,5.2088084,5.132765826994387
2018-07-14,5.070379,5.0729165,5.081087,5.1064262,5.074282852076003
2018-07-15,5.0342584,5.042366,5.0456476,5.053014,5.021546376939063
2018-07-16,4.9846253,4.994889,4.997111,4.9971123,4.998883864245524
2018-07-17,4.9757357,4.988855,4.9882784,4.9858613,5.06180567168782
2018-07-18,5.0702634,5.0932946,5.081714,5.084739,5.074282852076003
2018-07-19,5.055519,5.07805,5.0665045,5.0998063,5.0178047780661075
2018-07-20,4.972831,4.990301,4.982251,5.0028787,4.989287441205538
2018-07-21,4.9561315,4.9728127,4.960274,4.9522395,5.522213634538357
2018-07-22,5.6874003,5.7504835,5.683362,5.630904,6.92239076386899
2018-07-23,7.1764765,7.1039376,7.2322664,7.1066017,6.834961516341771
2018-07-24,6.526744,6.494481,6.4691296,6.598568,6.636895151984886
2018-07-25,6.3546185,6.3642354,6.3816843,6.3822584,6.69459934479625
2018-07-26,6.545003,6.6002483,6.5742984,6.488214,6.867913116216592
2018-07-27,6.730916,6.747055,6.7415247,6.692544,6.81029579110753
2018-07-28,6.5969863,6.561471,6.5764465,6.614051,6.60291078631122
2018-07-29,6.379559,6.3611917,6.367485,6.4028897,6.252285876928387
2018-07-30,6.0195103,5.997204,6.0106487,6.0687847,5.970681270705086
2018-07-31,5.794286,5.7732663,5.795778,5.8066816,6.040467378094604
2018-08-01,6.015298,6.0701756,6.0428166,5.9542384,6.431554793405463
2018-08-02,6.4888463,6.5596814,6.528175,6.4982977,6.535385487298461
2018-08-03,6.4260526,6.3948135,6.4107313,6.5142384,6.908339792818236
2018-08-04,6.897889,6.947415,6.951932,6.81804,7.3200555893499
2018-08-05,7.2346563,7.208062,7.267952,7.171425,7.472771414961056
2018-08-06,7.267102,7.201104,7.256372,7.2008886,7.05788994277749
2018-08-07,6.7240157,6.697424,6.6898885,6.78121,6.715407914309262
2018-08-08,6.4825745,6.4758987,6.483372,6.4878044,6.480485372142056
2018-08-09,6.3044844,6.3260326,6.323958,6.3032413,6.380106281027978
2018-08-10,6.2586846,6.297376,6.282172,6.2469783,6.417783831380841
2018-08-11,6.347211,6.405349,6.380254,6.3388333,6.219014744237832
2018-08-12,6.046257,6.045689,6.0475483,6.138827,6.0604876463962025
2018-08-13,5.946844,5.946738,5.9638586,5.97586,6.105699464862291
2018-08-14,6.077473,6.1411676,6.1141663,6.1023765,6.053858658641907
2018-08-15,5.9585767,5.984235,5.9729047,6.0801716,6.073615230341216
2018-08-16,6.031633,6.0653896,6.058475,6.099847,6.067072979896559
2018-08-17,5.996057,6.0336537,6.0253873,6.10965,5.918761292678645
2018-08-18,5.793767,5.8040867,5.8091755,5.895939,5.814544743894864
2018-08-19,5.7363815,5.7476296,5.751594,5.7782826,5.771379957675647
2018-08-20,5.714772,5.746523,5.732169,5.772461,5.948759084641702
2018-08-21,5.9864287,6.059715,6.0224824,6.0770926,5.933872667883251
2018-08-22,5.838372,5.870298,5.8644595,6.0188494,6.633175645015038
2018-08-23,6.852707,6.980216,6.9384656,6.897751,6.92239076386899
2018-08-24,6.7745094,6.7585344,6.7820263,6.979062,6.555723532245038
2018-08-25,6.2260094,6.2325797,6.234636,6.3916183,6.235788675235214
2018-08-26,6.05187,6.0157795,6.072888,6.0759726,5.9991827391026495
2018-08-27,5.8444843,5.859301,5.885556,5.8780165,5.806059556794318
2018-08-28,5.68052,5.68769,5.708436,5.729814,5.679023552850889
2018-08-29,5.5971813,5.6070476,5.624713,5.6393437,5.6068140186265385
2018-08-30,5.5526814,5.570355,5.577735,5.5943956,5.500474430641408
2018-08-31,5.428986,5.4370713,5.4502716,5.4733453,5.434742371585606
2018-09-01,5.397121,5.4042463,5.413397,5.4020705,5.659482740425686
2018-09-02,5.75765,5.8300333,5.785198,5.744989,5.887835730411415
2018-09-03,5.9111333,5.972926,5.9469967,6.1036925,5.797501754702445
2018-09-04,5.669571,5.686316,5.6964965,5.813664,5.814544743894864
2018-09-05,5.800352,5.8168483,5.828488,5.8176675,5.639552461519098
2018-09-06,5.4874907,5.513797,5.5277243,5.6116343,5.498158358823274
2018-09-07,5.4248004,5.4093947,5.437488,5.452997,5.4147799222067725
2018-09-08,5.356632,5.3721824,5.3908772,5.409926,5.609929184153196
2018-09-09,5.698158,5.7612295,5.72592,5.7656083,6.235788675235214
2018-09-10,6.4429717,6.5412335,6.5028925,6.707194,7.579522579785617
2018-09-11,7.823064,7.7205014,7.9362345,7.6275344,8.211262978320725
2018-09-12,7.9264507,7.8018665,7.8850937,7.8828874,7.831366217459575
2018-09-13,7.326688,7.3240747,7.3227205,7.357011,7.338631291205652
2018-09-14,6.988834,6.9990735,6.9898057,6.9571624,7.227806819738133
2018-09-15,7.0563087,7.1433663,7.0911064,6.9084992,7.04068429316359
2018-09-16,6.8050804,6.816823,6.831575,6.796911,6.752467514510566
2018-09-17,6.5210457,6.525131,6.5290003,6.5544567,6.5835192964544476
2018-09-18,6.4466596,6.481903,6.4826136,6.426146,6.7015837560157685
2018-09-19,6.6825223,6.791849,6.737542,6.642407,7.4549095390944355
2018-09-20,7.619761,7.711526,7.703239,7.591754,7.464691909788895
2018-09-21,7.1515975,7.0780425,7.06335,7.314851,7.05788994277749
2018-09-22,6.7607384,6.7263203,6.748998,6.8197045,6.804033111194312
2018-09-23,6.6523414,6.6683445,6.6788015,6.612141,6.647971378004586
2018-09-24,6.5029984,6.5560713,6.5392466,6.518587,6.6067443656161675
2018-09-25,6.525964,6.5806365,6.544547,6.528225,6.9026636540106985
2018-09-26,6.960687,7.093155,7.012875,6.965833,7.316298680303876
2018-09-27,7.3111844,7.3277807,7.3306465,7.4586115,7.732152693212797
2018-09-28,7.665387,7.641707,7.6592016,7.663292,7.890312525761907
2018-09-29,7.6862326,7.644657,7.6604567,7.6725492,8.22652633563232
2018-09-30,8.117012,8.147257,8.131593,8.014086,8.025915074803436
2018-10-01,7.6620855,7.6053734,7.609186,7.720984,7.464691909788895
2018-10-02,7.088364,7.108835,7.065752,7.191908,7.128448831537304
2018-10-03,6.933308,6.968757,6.934086,6.914162,6.888330730130158
2018-10-04,6.694145,6.7454042,6.749319,6.748296,6.691088760346976
2018-10-05,6.5326257,6.5688863,6.558492,6.6108623,6.563744328248276
2018-10-06,6.4527674,6.497756,6.490672,6.536648,6.4629681960414525
2018-10-07,6.365857,6.3977113,6.3929434,6.457364,6.330920831529513
2018-10-08,6.2288465,6.2395134,6.233327,6.2910523,6.235788675235214
2018-10-09,6.175531,6.1889567,6.1725903,6.204514,6.142889266540657
2018-10-10,6.079123,6.092163,6.084832,6.1354575,6.067072979896559
2018-10-11,6.024431,6.031562,6.035756,6.059641,6.020038096146952
2018-10-12,5.992325,6.007746,6.007772,6.01681,6.080114957790396
2018-10-13,6.1101546,6.1498604,6.1226563,6.1133013,6.184598432606731
2018-10-14,6.202709,6.246847,6.2195597,6.2519474,6.384894343484392
2018-10-15,6.4404664,6.495464,6.457906,6.567404,6.263134726825315
2018-10-16,6.091009,6.104741,6.1068006,6.265473,6.11825037016893
2018-10-17,6.051205,6.0193477,6.047467,6.060035,6.006182963507376
2018-10-18,5.9387302,5.957695,5.9530973,5.980155,5.903418055581555
2018-10-19,5.8469534,5.8540163,5.8572693,5.8935127,5.806059556794318
2018-10-20,5.7614107,5.765014,5.781096,5.7913637,5.744557468110323
2018-10-21,5.7254004,5.7349153,5.744136,5.7350826,5.679023552850889
2018-10-22,5.6511264,5.659316,5.6689453,5.666164,5.6068140186265385
2018-10-23,5.5829077,5.584192,5.5955048,5.575066,5.576189622854284
2018-10-24,5.58066,5.5915136,5.586624,5.536435,5.5434902832030595
2018-10-25,5.5351987,5.548659,5.5371866,5.4942007,5.502785150663633
2018-10-26,5.4970307,5.5025034,5.494197,5.4369483,5.461555868663806
2018-10-27,5.4563184,5.463735,5.45613,5.4042253,5.70763694953174
2018-10-28,5.884202,5.954538,5.879496,5.7319794,5.89565724379664
2018-10-29,5.9279804,5.9710236,5.9347277,6.0170255,5.918761292678645
2018-10-30,5.8945227,5.885145,5.8944974,5.960544,5.941343576682193
2018-10-31,5.9463735,5.954769,5.952829,5.975958,5.9263455242169325
2018-11-01,5.89102,5.909904,5.899002,5.9501567,5.941343576682193
2018-11-02,5.9456477,5.960938,5.94728,5.973974,5.948759084641702
2018-11-03,5.9347396,5.9561634,5.942529,5.9887204,6.59519925499966
2018-11-04,6.961193,7.074318,6.968479,7.034649,6.60291078631122
2018-11-05,6.3133755,6.357883,6.30913,6.5071454,6.484817137067588
2018-11-06,6.3897395,6.313076,6.377294,6.332169,6.92239076386899
2018-11-07,7.153168,7.297571,7.179301,6.9734106,7.221619359490052
2018-11-08,7.088137,7.0744934,7.0910344,7.207182,6.974053298031007
2018-11-09,6.6495976,6.65235,6.648656,6.7277036,6.81029579110753
2018-11-10,6.7362285,6.7134957,6.715946,6.605138,6.9026636540106985
2018-11-11,6.899095,7.0073643,6.934806,6.805424,7.275974751014003
2018-11-12,7.349125,7.4148397,7.3442116,7.3013697,7.013034139071998
2018-11-13,6.6465755,6.6767488,6.6409106,6.828026,6.94991393617286
2018-11-14,6.942885,6.937335,6.9134235,6.7602882,6.981971974971494
2018-11-15,6.921932,6.9795976,6.962921,6.8862457,7.0505523119321625
2018-11-16,6.9891157,7.0137477,6.9698925,6.9881163,7.194355608929408
2018-11-17,7.1768346,7.2299747,7.1746826,7.138665,7.254185374674857
2018-11-18,7.144795,7.156283,7.1440535,7.1503773,7.27204819714323
2018-11-19,7.1719503,7.198908,7.158045,7.1195307,7.229860827930181
2018-11-20,7.1055923,7.132182,7.104504,7.0688486,7.141982267854997
2018-11-21,7.0131817,7.0372696,7.0090404,6.9797606,7.112424797293593
2018-11-22,7.0381575,7.082051,7.036579,6.979227,7.139739375937134
2018-11-23,7.0782747,7.1215262,7.0795517,7.0550385,7.002786917969933
2018-11-24,6.8376393,6.840954,6.830531,6.884449,6.916794044659452
2018-11-25,6.8510613,6.8735223,6.844172,6.8050046,7.351431977506871
2018-11-26,7.557007,7.7053843,7.570202,7.4974117,7.426661567798983
2018-11-27,7.2033515,7.1608305,7.1679597,7.3912277,7.297299457310266
2018-11-28,7.124255,7.110239,7.10118,7.1063037,7.103151586480108
2018-11-29,6.959672,6.9668355,6.9727035,6.93843,6.888330730130158
2018-11-30,6.736506,6.7467566,6.735172,6.759019,6.71883429839921
2018-12-01,6.6242657,6.6370854,6.61681,6.6232376,6.6256948678035945
2018-12-02,6.580289,6.599617,6.57255,6.5763535,6.6067443656161675
2018-12-03,6.5968266,6.618415,6.583815,6.5991497,6.651636357249113
2018-12-04,6.66582,6.6904974,6.649804,6.6626635,6.633175645015038
2018-12-05,6.5889244,6.5881367,6.568287,6.623338,6.484817137067588
2018-12-06,6.3851957,6.3668222,6.3711033,6.4243994,6.355815926856824
2018-12-07,6.311281,6.299617,6.3000617,6.299467,6.263134726825315
2018-12-08,6.2346573,6.237399,6.2201977,6.2297044,6.172857980421892
2018-12-09,6.1381955,6.1384964,6.124507,6.1497316,6.092989029970153
2018-12-10,6.0713396,6.073159,6.0598936,6.0685377,6.047185434000105
2018-12-11,6.045985,6.057349,6.041025,6.0249414,6.040467378094604
2018-12-12,6.056206,6.0759034,6.0507936,6.02478,5.963427142603041
2018-12-13,5.9252663,5.9252605,5.9205875,5.932527,5.8720067478175615
2018-12-14,5.8451977,5.8432136,5.8415356,5.833441,5.831302130334153
2018-12-15,5.8388815,5.855606,5.832099,5.8051357,6.27386714123948
2018-12-16,6.587001,6.7193985,6.5723605,6.474299,7.554625750653741
2018-12-17,8.113953,7.942589,8.072588,8.012135,8.306548468955903
2018-12-18,8.087065,7.97781,8.061891,8.0306225,7.958927019366644
2018-12-19,7.3464084,7.477297,7.3683825,7.514921,7.443374495311616
2018-12-20,7.1440167,7.124818,7.084348,7.1453924,7.139739375937134
2018-12-21,6.951125,6.980201,6.963052,6.932451,7.079585217559054
2018-12-22,6.9922333,7.0853567,7.016695,6.9565916,7.445030527467871
2018-12-23,7.5749183,7.703731,7.5771246,7.525172,7.801695636048869
2018-12-24,7.7508316,7.6828394,7.724119,7.765688,7.564952562947456
2018-12-25,7.202348,7.222781,7.1811705,7.3366404,7.229860827930181
2018-12-26,7.039118,7.021515,7.0209036,7.025794,7.005358584316711
2018-12-27,6.8883777,6.8959165,6.8999887,6.8514657,6.81029579110753
2018-12-28,6.686589,6.692647,6.6778684,6.701117,6.819616879783242
2018-12-29,6.844697,6.904225,6.8383927,6.7934933,7.1077989409031845
2018-12-30,7.252258,7.3208,7.2382364,7.284772,7.2070313043983365
2018-12-31,7.120976,7.0788784,7.093793,7.1978436,7.1077989409031845
2019-01-01,6.9698153,6.9664354,6.9719753,7.0052023,7.114729725701756
2019-01-02,7.111441,7.15158,7.106821,7.0510454,7.130717161561341
2019-01-03,7.076887,7.092762,7.06421,7.123398,7.002786917969933
2019-01-04,6.864112,6.863992,6.859132,6.93429,6.838002389694239
2019-01-05,6.7429566,6.737533,6.741055,6.7543964,6.722248982458619
2019-01-06,6.6752634,6.675836,6.6663885,6.6709437,6.680482450469402
2019-01-07,6.669345,6.683279,6.6604004,6.6697,6.673348560567209
2019-01-08,6.671459,6.68227,6.6658397,6.686384,6.640600875474553
2019-01-09,6.616735,6.615217,6.616187,6.6516848,6.543570408150736
2019-01-10,6.4901524,6.4777117,6.4939466,6.52808,6.4761347613637525
2019-01-11,6.4614916,6.4623146,6.463941,6.465099,6.403820578854716
2019-01-12,6.378844,6.376229,6.372023,6.3814034,6.310548668370346
2019-01-13,6.2739406,6.2676153,6.2581134,6.252031,6.294992476779099
2019-01-14,6.3180175,6.336814,6.289674,6.2424307,6.268515332053191
2019-01-15,6.263839,6.2702713,6.240979,6.236302,6.213360320309169
2019-01-16,6.1941504,6.195222,6.190536,6.18216,6.16097805087107
2019-01-17,6.1539245,6.159539,6.152444,6.1269436,6.0865727114540125
2019-01-18,6.061993,6.063397,6.058611,6.0440474,6.026894334357651
2019-01-19,6.0178733,6.0253158,6.011487,5.9795065,6.026894334357651
2019-01-20,6.055189,6.0788984,6.042336,5.9925594,6.666163412390041
2019-01-21,7.096591,7.221908,7.0757275,6.9446774,7.084343130729948
2019-01-22,7.107079,7.041831,7.0798316,7.200825,7.281835823877524
2019-01-23,7.22162,7.2010407,7.220007,7.1802607,6.958025308147397
2019-01-24,6.649475,6.6683087,6.6651196,6.7694454,6.916794044659452
2019-01-25,6.919428,6.968228,6.8939533,6.7704635,7.274013401305541
2019-01-26,7.432575,7.5398026,7.434351,7.3888288,7.402784037282663
2019-01-27,7.238723,7.2140064,7.227718,7.3427525,7.219548335692588
2019-01-28,6.9917545,7.004031,6.9981346,7.0358796,6.992433603224559
2019-01-29,6.8549776,6.85165,6.86312,6.824707,6.8134124842734485
2019-01-30,6.7109437,6.7158256,6.7091117,6.6788044,6.651636357249113
2019-01-31,6.565189,6.5628815,6.558159,6.5460105,6.5061988912206985
2019-02-01,6.4488792,6.43639,6.442269,6.424079,6.335949678818084
2019-02-02,6.271561,6.2440534,6.2615423,6.260455,6.178745436192545
2019-02-03,6.13398,6.1064897,6.1250114,6.0992093,6.092989029970153
2019-02-04,6.0949636,6.086083,6.0850396,6.023127,6.11825037016893
2019-02-05,6.178512,6.198617,6.170812,6.078288,6.178745436192545
2019-02-06,6.2388787,6.254715,6.2363257,6.17334,6.178745436192545
2019-02-07,6.192327,6.190614,6.1977525,6.18967,6.219014744237832
2019-02-08,6.2732463,6.290064,6.281083,6.2580748,6.403820578854716
2019-02-09,6.534067,6.5850086,6.5379105,6.5402703,6.655287953454412
2019-02-10,6.771555,6.800744,6.7755575,6.8436117,6.729043568203797
2019-02-11,6.6999125,6.689432,6.706987,6.7540894,6.555723532245038
2019-02-12,6.4240036,6.40432,6.4340878,6.460784,6.618157706502724
2019-02-13,6.7015862,6.7506714,6.702313,6.6096754,6.8708555657166395
2019-02-14,6.9814315,7.0408278,6.983905,7.1369305,7.121612805168146
2019-02-15,7.152997,7.1599035,7.1581616,7.23952,7.0675904419705775
2019-02-16,6.91298,6.9083033,6.921267,6.980626,6.908339792818236
2019-02-17,6.7856493,6.786437,6.7927876,6.7813644,6.841034044162339
2019-02-18,6.804356,6.83051,6.7988677,6.7549806,6.7491546422558475
2019-02-19,6.6677275,6.6776853,6.6624026,6.685105,6.618157706502724
2019-02-20,6.539845,6.5354414,6.538454,6.5440426,6.5061988912206985
2019-02-21,6.464936,6.4597516,6.4637446,6.439405,6.484817137067588
2019-02-22,6.499956,6.5137167,6.493917,6.450427,6.579595463077791
2019-02-23,6.6496234,6.6842384,6.641881,6.6171594,6.844056535474152
2019-02-24,6.984435,7.0382776,6.984944,7.026258,7.304942517254732
2019-02-25,7.477156,7.5077834,7.4889207,7.4597983,7.480786164572836
2019-02-26,7.3628235,7.335847,7.379648,7.356824,7.6316578426328014
2019-02-27,7.579288,7.626622,7.6023498,7.467448,7.353247343872081
2019-02-28,7.0416083,7.0717196,7.065904,7.161497,7.070000934676827
2019-03-01,6.904194,6.8974624,6.9056473,6.8904305,6.847069918853968
2019-03-02,6.7295227,6.734854,6.7428293,6.70979,6.828851887515474
2019-03-03,6.826545,6.872041,6.8419657,6.7686186,6.788202639120208
2019-03-04,6.739958,6.749991,6.744629,6.780483,6.908339792818236
2019-03-05,6.981148,7.030911,7.001549,6.983217,6.882539540419151
2019-03-06,6.814646,6.8066416,6.8197517,6.890133,6.876714617378938
2019-03-07,6.8696814,6.880631,6.8938394,6.8731194,6.705057753146942
2019-03-08,6.5913014,6.5765176,6.5947843,6.6457105,6.575656172561617
2019-03-09,6.537361,6.519818,6.5438976,6.517133,6.48913021870826
2019-03-10,6.4724236,6.4666185,6.4646235,6.469598,6.514625203919139
2019-03-11,6.560493,6.5760026,6.5595064,6.5604653,6.864961983150245
2019-03-12,7.085481,7.1685925,7.0901957,7.172495,7.065174124746456
2019-03-13,7.0583396,7.0398045,7.059411,7.132974,6.98459766044441
2019-03-14,6.8582373,6.8507986,6.8814807,6.911307,6.847069918853968
2019-03-15,6.770068,6.7686114,6.775501,6.7455893,6.715407914309262
2019-03-16,6.640436,6.646292,6.642585,6.636089,6.6256948678035945
2019-03-17,6.582459,6.5893,6.5856457,6.5800047,6.575656172561617
2019-03-18,6.557278,6.5680084,6.559322,6.571088,6.484817137067588
2019-03-19,6.4366884,6.433367,6.4402595,6.470581,6.365602984198528
2019-03-20,6.3199353,6.305909,6.325449,6.3290653,6.263134726825315
2019-03-21,6.2387834,6.2260127,6.240971,6.228984,6.555723532245038
2019-03-22,6.7810016,6.8715487,6.785317,6.7827406,7.493477633512534
2019-03-23,7.9130807,7.8913293,7.918459,7.9009914,7.513763787815767
2019-03-24,7.164798,7.185762,7.147993,7.3042016,7.126175344492126
2019-03-25,6.8564606,6.832842,6.8464527,6.9152236,6.841034044162339
2019-03-26,6.728814,6.7017922,6.715227,6.6720023,6.680482450469402
2019-03-27,6.5787864,6.6034374,6.5808945,6.5709543,6.579595463077791
2019-03-28,6.5199585,6.534219,6.518553,6.5268364,6.4761347613637525
2019-03-29,6.4196563,6.425372,6.4243727,6.4416847,6.380106281027978
2019-03-30,6.3409777,6.338802,6.3440785,6.3431587,6.305390112861966
2019-03-31,6.2862372,6.2832603,6.286069,6.26732,6.257725013997713
2019-04-01,6.2562046,6.255177,6.2546315,6.235214,6.184598432606731
2019-04-02,6.165184,6.1574097,6.1620717,6.171342,6.092989029970153
2019-04-03,6.0726366,6.0584345,6.071958,6.084436,6.040467378094604
2019-04-04,6.0494394,6.042551,6.048294,6.05617,5.970681270705086
2019-04-05,5.958541,5.951323,5.957568,5.9795384,5.9263455242169325
2019-04-06,5.938692,5.9324865,5.9394226,5.909572,5.9263455242169325
2019-04-07,5.958784,5.965626,5.9558096,5.9141726,5.933872667883251
2019-04-08,5.9614053,5.970639,5.9562516,5.9400883,5.9991827391026495
2019-04-09,6.0623384,6.0825415,6.055719,6.048773,5.970681270705086
2019-04-10,5.957362,5.9659877,5.9489846,6.0009513,5.941343576682193
2019-04-11,5.952883,5.9547825,5.951935,5.9586754,5.903418055581555
2019-04-12,5.9003787,5.907736,5.8947973,5.9199333,5.879952558373766
2019-04-13,5.888294,5.8948126,5.885674,5.8961344,5.98503354317975
2019-04-14,6.0672336,6.0990753,6.064208,6.084909,6.14895529006888
2019-04-15,6.229967,6.26753,6.2245646,6.3782496,6.563744328248276
2019-04-16,6.7624216,6.8184075,6.7669444,6.9202313,6.888330730130158
2019-04-17,6.925693,6.923085,6.910689,6.947926,6.930727546257167
2019-04-18,6.8206577,6.815055,6.8121653,6.8552027,6.715407914309262
2019-04-19,6.5332193,6.533695,6.5166664,6.5900197,6.547637882544501
2019-04-20,6.447955,6.4473095,6.433008,6.43575,6.7913888453335645
2019-04-21,6.8971834,6.9908767,6.9107933,6.8665266,7.225748583911345
2019-04-22,7.306073,7.303692,7.309693,7.365821,7.221619359490052
2019-04-23,7.0376925,6.9872727,6.999194,7.1025777,6.9471954583647895
2019-04-24,6.745219,6.718934,6.732794,6.7767053,6.711969749735353
2019-04-25,6.583161,6.568624,6.581717,6.566512,6.543570408150736
2019-04-26,6.437638,6.4402866,6.43888,6.4384127,6.4361032919793
2019-04-27,6.36493,6.3709836,6.3699074,6.376478,6.360721428791316
2019-04-28,6.307806,6.31712,6.3144684,6.33363,6.294992476779099
2019-04-29,6.2514615,6.2582817,6.256292,6.2816067,6.279190460966714
2019-04-30,6.2683754,6.2834067,6.2746162,6.283396,6.268515332053191
2019-05-01,6.2538447,6.268514,6.2556405,6.289297,6.184598432606731
2019-05-02,6.132826,6.133964,6.1326704,6.181487,6.136786221684528
2019-05-03,6.1209083,6.1276474,6.1245513,6.14264,6.073615230341216
2019-05-04,6.0404224,6.0486665,6.037442,6.08926,6.136786221684528
2019-05-05,6.1782017,6.207356,6.1817083,6.210163,6.742495789461261
2019-05-06,7.0121174,7.103666,7.0347376,7.1246204,7.502891636319352
2019-05-07,7.6368484,7.570323,7.643176,7.5104675,7.554625750653741
2019-05-08,7.3139677,7.2443433,7.2609005,7.3379765,7.1442201404643715
2019-05-09,6.8473444,6.8370967,6.8241625,6.910833,6.847069918853968
2019-05-10,6.686978,6.673694,6.6779385,6.6690564,6.640600875474553
2019-05-11,6.505034,6.519061,6.5045214,6.515406,6.7015837560157685
2019-05-12,6.687383,6.7521505,6.709952,6.678599,6.5597419718711665
2019-05-13,6.4248414,6.420347,6.409151,6.5171833,6.864961983150245
2019-05-14,6.9699483,7.0738387,7.0239015,6.9241824,7.25218077604388
2019-05-15,7.2873383,7.2787504,7.2872486,7.3409224,7.246142756289877
2019-05-16,7.0952044,7.0360155,7.062911,7.134205,7.098482533272718
2019-05-17,6.952566,6.9377537,6.9521294,6.948172,6.882539540419151
2019-05-18,6.7315464,6.7265434,6.7223673,6.749364,6.680482450469402
2019-05-19,6.54757,6.549057,6.541004,6.5583634,6.4934247775374985
2019-05-20,6.371664,6.3790483,6.3716745,6.3872914,6.350886242296451
2019-05-21,6.254779,6.2690372,6.2641153,6.2666264,6.384894343484392
2019-05-22,6.372912,6.4255037,6.395126,6.3593082,6.219014744237832
2019-05-23,6.0971565,6.101823,6.090663,6.180014,6.11825037016893
2019-05-24,6.0619454,6.067914,6.076816,6.0744643,6.047185434000105
2019-05-25,5.996991,6.019593,6.002138,6.033283,5.903418055581555
2019-05-26,5.8221593,5.8261337,5.8212075,5.8837504,5.814544743894864
2019-05-27,5.7732143,5.7815447,5.7778835,5.798764,5.814544743894864
2019-05-28,5.811945,5.839308,5.813816,5.823364,5.89565724379664
2019-05-29,5.923049,5.9611526,5.925691,5.936562,5.797501754702445
2019-05-30,5.731943,5.7444897,5.727729,5.796609,5.735454343294124
2019-05-31,5.704959,5.7183676,5.7102766,5.7258334,5.753578473030797
2019-06-01,5.75236,5.7826333,5.753148,5.777427,5.70763694953174
2019-06-02,5.668999,5.6883364,5.662713,5.7124863,5.641563459402062
2019-06-03,5.6005025,5.6159353,5.5935626,5.6261353,5.637537411373188
2019-06-04,5.624797,5.6489797,5.619707,5.642897,5.669300876297688
2019-06-05,5.6654215,5.6930704,5.6660256,5.7030435,5.583668038776312
2019-06-06,5.525028,5.5389714,5.5277805,5.5847397,5.488840054022952
2019-06-07,5.435492,5.4458914,5.4408054,5.4694,5.4008208620904465
2019-06-08,5.35139,5.3619785,5.354593,5.3827143,5.32656852225142
2019-06-09,5.284581,5.294569,5.285619,5.3093786,5.311312304092011
2019-06-10,5.2962184,5.310986,5.295538,5.300892,5.311312304092011
2019-06-11,5.30041,5.316784,5.2948556,5.3091154,5.292976920105729
2019-06-12,5.273662,5.2885036,5.2691245,5.2924943,5.267021341459638
2019-06-13,5.244498,5.258827,5.243884,5.268359,5.482971709314433
2019-06-14,5.555264,5.5905504,5.550978,5.5706744,5.70763694953174
2019-06-15,5.7545705,5.7739716,5.7453456,5.8638487,5.631467783220247
2019-06-16,5.5509553,5.5590987,5.5495205,5.624368,5.394410842323594
2019-06-17,5.265956,5.271399,5.276464,5.3174734,5.280083339926787
2019-06-18,5.211588,5.2150054,5.2161894,5.2198153,5.255265687942
2019-06-19,5.221993,5.231313,5.2207437,5.2357945,5.199022552410203
2019-06-20,5.15415,5.159798,5.154707,5.1932507,5.208360684332935
2019-06-21,5.194492,5.2051854,5.192292,5.2165365,5.176888362557042
2019-06-22,5.144815,5.1537786,5.142742,5.184626,5.1210016075818166
2019-06-23,5.081289,5.0892773,5.081008,5.1151958,5.295819723081382
2019-06-24,5.3451514,5.371228,5.334721,5.3568807,5.176888362557042
2019-06-25,5.101443,5.108667,5.0988436,5.1834435,5.134435188768963
2019-06-26,5.097894,5.108061,5.0977087,5.1132402,5.093580631254217
2019-06-27,5.055369,5.06512,5.0541315,5.0892973,5.11421653236214
2019-06-28,5.0995297,5.1121073,5.0945406,5.128845,5.231331490997262
2019-06-29,5.2497497,5.268882,5.2403355,5.285419,5.176888362557042
2019-06-30,5.1250167,5.1349063,5.122114,5.1892343,5.136101768418532
2019-07-01,5.0937433,5.105739,5.093001,5.1219573,5.0689545404712275
2019-07-02,5.016338,5.0256133,5.0159097,5.0549393,5.056410280496179
2019-07-03,5.025915,5.03657,5.0227585,5.055407,5.505090543565954
2019-07-04,5.6358714,5.6778793,5.617569,5.6860075,5.631467783220247
2019-07-05,5.603906,5.6028805,5.5885887,5.685719,5.496998308232542
2019-07-06,5.3833203,5.394193,5.3877335,5.422614,5.301481198716624
2019-07-07,5.1809998,5.1871986,5.189026,5.20757,5.541271835046575
2019-07-08,5.588893,5.6287065,5.5782113,5.552034,6.618157706502724
2019-07-09,6.8487654,6.8300843,6.8602867,6.838443,6.555723532245038
2019-07-10,6.3203487,6.2692223,6.2699175,6.348069,6.073615230341216
2019-07-11,5.7623587,5.7692747,5.7736654,5.852025,5.855923173199795
2019-07-12,5.704806,5.695948,5.7037177,5.677418,5.753578473030797
2019-07-13,5.6478357,5.662886,5.641678,5.6389556,5.659482740425686
2019-07-14,5.562098,5.564833,5.557625,5.577884,5.618189158929467
2019-07-15,5.553324,5.5593467,5.5495987,5.5581203,5.55779146203265
2019-07-16,5.487984,5.4922957,5.481442,5.510768,5.390545014886184
2019-07-17,5.2847247,5.279056,5.280094,5.327803,5.226779348448368
2019-07-18,5.135414,5.125149,5.1330442,5.1630363,5.194320581294612
2019-07-19,5.162049,5.1651936,5.156443,5.1645055,5.100506688483835
2019-07-20,5.038078,5.0415125,5.035783,5.0851555,5.054605328374065
2019-07-21,5.0205894,5.024066,5.015293,5.0491114,5.049170842181654
2019-07-22,5.0286827,5.0405498,5.024221,5.058233,5.072509900882612
2019-07-23,5.0610423,5.0776625,5.056095,5.079876,5.307110802403108
2019-07-24,5.371662,5.410113,5.361227,5.39106,5.771379957675647
2019-07-25,5.877683,5.921067,5.8691564,5.9900737,5.381466205027394
2019-07-26,5.1440077,5.181063,5.144535,5.2793684,5.329317545972236
2019-07-27,5.2788157,5.271444,5.2688236,5.2240257,5.315496226996015
2019-07-28,5.261866,5.280992,5.2673087,5.300919,5.1377655752009375
2019-07-29,5.020952,5.02372,5.0257864,5.112941,4.9638970126178625
2019-07-30,4.8686075,4.8578143,4.876195,4.9236465,4.86413238944673
2019-07-31,4.8028193,4.7964277,4.81136,4.8403277,4.7678450709760165
2019-08-01,4.7089396,4.7054834,4.7187676,4.756059,4.733572630583376
2019-08-02,4.7058697,4.7058277,4.7160535,4.733241,4.755739307939539
2019-08-03,4.74989,4.75983,4.76045,4.7746925,4.695500006615555
2019-08-04,4.655339,4.6647477,4.667792,4.69713,4.894272564706434
2019-08-05,4.9598856,4.9882264,4.953768,4.9497247,4.823996038571091
2019-08-06,4.7634606,4.785152,4.7700768,4.853813,4.981543440601665
2019-08-07,5.024423,5.053329,5.0241747,5.0421267,5.115917122037485
2019-08-08,5.1217794,5.153437,5.1281166,5.219604,5.06717210878217
2019-08-09,4.9999967,5.022128,5.006594,5.0873957,4.758172212897761
2019-08-10,4.601229,4.6088715,4.623709,4.700005,4.647812826709441
2019-08-11,4.5866666,4.5724277,4.5932975,4.6034527,4.532919349778617
2019-08-12,4.462011,4.4563637,4.480507,4.516274,4.463607142101192
2019-08-13,4.4216228,4.4122314,4.433133,4.4657383,4.413434674867072
2019-08-14,4.382064,4.377357,4.3963084,4.4253645,4.413434674867072
2019-08-15,4.4056144,4.406127,4.415126,4.433735,4.514487430037618
2019-08-16,4.5456243,4.559294,4.5486407,4.562519,4.733572630583376
2019-08-17,4.801871,4.8323746,4.7987967,4.846417,4.623088429806449
2019-08-18,4.5558066,4.576941,4.567989,4.6478167,4.577565440984393
2019-08-19,4.547778,4.5603504,4.554207,4.5758147,4.583370442297205
2019-08-20,4.5658817,4.580829,4.574241,4.609607,4.772646638210505
2019-08-21,4.824284,4.8534985,4.819293,4.8727517,4.7134477582754295
2019-08-22,4.6536765,4.6736617,4.663118,4.7531223,4.609083833050196
2019-08-23,4.548633,4.557072,4.5592294,4.596671,4.589141939964938
2019-08-24,4.5632815,4.571819,4.570433,4.5946755,4.628635810031989
2019-08-25,4.6230907,4.6373343,4.6267915,4.6680884,4.658608236024619
2019-08-26,4.6481967,4.664259,4.652112,4.708214,4.586260354898458
2019-08-27,4.5356274,4.546671,4.5443535,4.6014705,4.4733464838186725
2019-08-28,4.413564,4.4156966,4.4238544,4.464676,4.571726544775685
2019-08-29,4.6039305,4.6165323,4.602408,4.613501,4.743485197714583
2019-08-30,4.788395,4.817136,4.7872844,4.8599815,4.574650254462602
2019-08-31,4.474956,4.4928284,4.488642,4.5784845,4.457061148120762
2019-09-01,4.405192,4.4002185,4.409672,4.4290395,4.334971870469693
2019-09-02,4.271337,4.2677946,4.287799,4.319917,4.293304141964028
2019-09-03,4.2708807,4.263585,4.2792788,4.2991123,4.281632286775184
2019-09-04,4.2714086,4.271214,4.2818637,4.3054075,4.301010374750772
2019-09-05,4.30803,4.3124447,4.3149285,4.336657,4.389130578352431
2019-09-06,4.424467,4.438758,4.42891,4.4471726,4.403090877406364
2019-09-07,4.4025674,4.418335,4.4100595,4.448562,4.289428640791545
2019-09-08,4.241147,4.2489557,4.2510386,4.294932,4.212787964843031
2019-09-09,4.184209,4.18396,4.193188,4.2151923,4.143355242337692
2019-09-10,4.1146755,4.1126404,4.127539,4.156166,4.092660493496724
2019-09-11,4.075502,4.071298,4.0873337,4.114273,4.068739509256322
2019-09-12,4.065005,4.062442,4.0770836,4.0983825,4.044232258824467
2019-09-13,4.0427084,4.0416784,4.0546007,4.075288,4.02418462405769
2019-09-14,4.02714,4.027372,4.038809,4.055124,4.059008562388448
2019-09-15,4.084258,4.089772,4.0961704,4.100215,4.078376676627675
2019-09-16,4.0967484,4.104821,4.108342,4.1233187,4.008880659834339
2019-09-17,3.9950318,3.999541,4.0066853,4.0359144,3.9452093057663773
2019-09-18,3.934722,3.9360414,3.9463656,3.96589,3.998546331086231
2019-09-19,4.030988,4.037952,4.0436754,4.041161,4.092660493496724
2019-09-20,4.1390758,4.1517835,4.150934,4.157363,4.138851368605764
2019-09-21,4.167338,4.1814404,4.1770535,4.1969013,3.9561067274920676
2019-09-22,3.9001598,3.9049644,3.9108095,3.9652724,3.9174345977150544
2019-09-23,3.9163923,3.9188247,3.9269676,3.929172,3.8413885661583382
2019-09-24,3.8231611,3.818841,3.837113,3.8632917,3.859457921835859
2019-09-25,3.8815198,3.882342,3.8924785,3.895361,3.8654092056714693
2019-09-26,3.8849,3.8865385,3.8954248,3.9078298,3.871325281159357
2019-09-27,3.8944547,3.8994722,3.9032245,3.9119077,3.8413885661583382
2019-09-28,3.8522468,3.8564281,3.8616695,3.8742404,3.8167767048711787
2019-09-29,3.8298209,3.8348312,3.838602,3.8465443,3.8042398289983805
2019-09-30,3.8214645,3.8265955,3.8302426,3.837039,3.7786844708663403
2019-10-01,3.7922316,3.796582,3.7998984,3.812316,3.91178586939682
2019-10-02,3.9822593,3.99926,3.9932678,3.9741583,3.888866362811558
2019-10-03,3.9034991,3.909545,3.907492,3.9373229,3.9775516523893257
2019-10-04,4.033511,4.0542884,4.0418067,4.0319223,4.019109281710192
2019-10-05,4.052646,4.0651503,4.0584025,4.0751505,3.871325281159357
2019-10-06,3.8364587,3.8433752,3.8372705,3.8865016,3.871325281159357
2019-10-07,3.89047,3.9024873,3.8967786,3.8927915,3.859457921835859
2019-10-08,3.8717535,3.875493,3.876996,3.8956928,3.8772065624423226
2019-10-09,3.9049895,3.9132676,3.909739,3.9201653,3.950672860780806
2019-10-10,4.000561,4.012733,4.0073557,4.007228,4.034258679057268
2019-10-11,4.0875297,4.101518,4.0933657,4.0988817,4.068739509256322
2019-10-12,4.101779,4.115648,4.1057577,4.121646,4.019109281710192
2019-10-13,4.0182967,4.029471,4.020107,4.047475,4.02418462405769
2019-10-14,4.045682,4.058917,4.0500984,4.054207,3.9775516523893257
2019-10-15,3.974585,3.9808147,3.9777656,4.00558,4.014008048803438
2019-10-16,4.049378,4.061234,4.0543895,4.0549397,4.2335328882383845
2019-10-17,4.343253,4.366694,4.355281,4.3313146,4.3678177667254525
2019-10-18,4.4275045,4.4423103,4.434971,4.4666204,4.183002516924082
2019-10-19,4.1097565,4.120591,4.1109176,4.1868405,4.147838922108096
2019-10-20,4.1573005,4.1665297,4.1605344,4.146513,4.3678177667254525
2019-10-21,4.4793653,4.5062294,4.494427,4.455008,4.406550711759528
2019-10-22,4.4125676,4.4250627,4.4242334,4.481922,4.265854825191188
2019-10-23,4.2135262,4.217882,4.220211,4.2684126,4.3569885661516805
2019-10-24,4.4283323,4.4460363,4.43752,4.3908186,4.289428640791545
2019-10-25,4.249401,4.258795,4.2664766,4.319078,4.42367257265212
2019-10-26,4.5212374,4.5401473,4.530362,4.4846168,4.427062044862174
2019-10-27,4.418697,4.434616,4.440627,4.480707,4.738541196472086
2019-10-28,4.9269724,4.963599,4.9409347,4.885187,4.953957194737942
2019-10-29,5.0105824,5.0359516,5.0371,5.107041,5.03083958057959
2019-10-30,5.0467057,5.059048,5.0614767,5.0843444,4.800981729723215
2019-10-31,4.65563,4.664582,4.68209,4.7490745,4.894272564706434
2019-11-01,4.994104,5.0052733,4.995672,4.896164,6.207673741969713
2019-11-02,6.8456326,6.7687807,6.8648477,6.820471,6.111994608039373
2019-11-03,5.651013,5.8073945,5.67304,5.871257,5.612000582946659
2019-11-04,5.3076873,5.261324,5.320412,5.410744,5.535704087030893
2019-11-05,5.587114,5.505635,5.553539,5.389017,5.433506325562043
2019-11-06,5.3177238,5.366748,5.3712525,5.3696747,5.178485726692661
2019-11-07,5.0540304,5.012991,5.0501237,5.1026864,4.993137068414355
2019-11-08,4.9336205,4.903186,4.949187,4.9226236,4.853144027814281
2019-11-09,4.7991176,4.789263,4.824188,4.797025,4.748404876012165
2019-11-10,4.7239375,4.7094903,4.7414784,4.697154,4.658608236024619
2019-11-11,4.6410227,4.6318383,4.661915,4.621482,4.5804721538899145
2019-11-12,4.574227,4.5630774,4.591356,4.555,4.559945468035764
2019-11-13,4.589445,4.586435,4.6055913,4.551039,4.502007994076144
2019-11-14,4.502584,4.4979553,4.518793,4.4982095,4.463607142101192
2019-11-15,4.488009,4.4797726,4.501616,4.462597,4.427062044862174
2019-11-16,4.4440384,4.4413476,4.4631777,4.4187865,4.416858966737203
2019-11-17,4.4531355,4.451183,4.4697447,4.414932,4.3642210476562
2019-11-18,4.371535,4.3672996,4.3894577,4.3719416,4.301010374750772
2019-11-19,4.309613,4.3006153,4.327184,4.3121123,4.327523919322267
2019-11-20,4.3827457,4.3876657,4.4057302,4.3527937,4.323779037937537
2019-11-21,4.353541,4.3560653,4.377042,4.3581247,4.289428640791545
2019-11-22,4.312171,4.309731,4.3342514,4.3209624,4.297164681592003
2019-11-23,4.341215,4.346144,4.365695,4.331342,4.304841335193091
2019-11-24,4.34341,4.3484187,4.369009,4.342305,4.763020337414219
2019-11-25,5.0564365,5.117258,5.094348,4.9112864,4.6005859558446955
2019-11-26,4.481336,4.4958906,4.496196,4.634364,4.718517073278009
2019-11-27,4.8618665,4.8794217,4.8868318,4.7496715,4.597737206455471
2019-11-28,4.518719,4.5247693,4.5521655,4.609098,4.51758310616138
2019-11-29,4.522658,4.5062027,4.538918,4.516892,4.463607142101192
2019-11-30,4.457307,4.457581,4.4773326,4.4718266,4.420271572836631
2019-12-01,4.4272037,4.4219923,4.4507785,4.435915,4.42367257265212
2019-12-02,4.458376,4.462347,4.485676,4.4462757,4.489370851632237
2019-12-03,4.5585175,4.571717,4.5826173,4.527607,4.685097643177592
2019-12-04,4.827905,4.8598375,4.8529496,4.765111,4.698083777296841
2019-12-05,4.7174683,4.7196217,4.7349167,4.751438,4.653225098904078
2019-12-06,4.671156,4.668831,4.688904,4.6730576,4.597737206455471
2019-12-07,4.6000605,4.599612,4.62064,4.609905,4.5804721538899145
2019-12-08,4.6053553,4.6071806,4.6267347,4.60163,4.502007994076144
2019-12-09,4.4854393,4.479406,4.5075536,4.5187154,4.4861864546811
2019-12-10,4.517333,4.51755,4.538657,4.5092344,4.7410162524837585
2019-12-11,4.9244785,4.9742985,4.951687,4.8399863,4.887889991629906
2019-12-12,4.971916,4.9817133,4.988378,5.0005655,4.911096243580678
2019-12-13,4.9548707,4.9558344,4.9683414,4.966403,4.839796599388244
2019-12-14,4.8294725,4.826804,4.845662,4.851809,4.917332862038511
2019-12-15,5.00698,5.02889,5.0250354,4.955625,5.16563479380711
2019-12-16,5.329357,5.376589,5.349787,5.311584,5.386664184810632
2019-12-17,5.5044084,5.5234075,5.513897,5.556537,5.506241250011801
2019-12-18,5.56469,5.574313,5.571275,5.5986447,6.067072979896559
2019-12-19,6.4062386,6.4721646,6.4117627,6.4382257,6.136786221684528
2019-12-20,5.9849305,5.979865,5.9769382,6.0782595,6.16097805087107
2019-12-21,6.144476,6.1223497,6.145973,6.111292,5.918761292678645
2019-12-22,5.751975,5.7219462,5.759543,5.814451,5.679023552850889
2019-12-23,5.566291,5.526394,5.563029,5.5627766,5.517676068933052
2019-12-24,5.465791,5.4487386,5.4698973,5.437086,5.391835285258079
2019-12-25,5.3441706,5.342245,5.358196,5.3441343,5.292976920105729
2019-12-26,5.26777,5.2680154,5.2827597,5.257492,5.22220638910054
2019-12-27,5.215927,5.2198973,5.2317843,5.183316,5.141084906965257
2019-12-28,5.1273293,5.125968,5.141811,5.096876,5.093580631254217
2019-12-29,5.107728,5.110064,5.1200686,5.05845,5.06717210878217
2019-12-30,5.091238,5.0957646,5.10131,5.055407,5.170473267358792
2019-12-31,5.282201,5.312298,5.287851,5.2114806,5.418553362234586
